-- phpMyAdmin SQL Dump
-- version 4.2.7.1
-- http://www.phpmyadmin.net
--
-- Servidor: 127.0.0.1
-- Tiempo de generación: 04-06-2018 a las 07:02:49
-- Versión del servidor: 5.6.20
-- Versión de PHP: 5.5.15

SET SQL_MODE = "NO_AUTO_VALUE_ON_ZERO";
SET time_zone = "+00:00";


/*!40101 SET @OLD_CHARACTER_SET_CLIENT=@@CHARACTER_SET_CLIENT */;
/*!40101 SET @OLD_CHARACTER_SET_RESULTS=@@CHARACTER_SET_RESULTS */;
/*!40101 SET @OLD_COLLATION_CONNECTION=@@COLLATION_CONNECTION */;
/*!40101 SET NAMES utf8 */;

--
-- Base de datos: `peticiones2`
--
CREATE DATABASE IF NOT EXISTS `peticiones2` DEFAULT CHARACTER SET latin1 COLLATE latin1_swedish_ci;
USE `peticiones2`;

-- --------------------------------------------------------

--
-- Estructura de tabla para la tabla `antivirus`
--

CREATE TABLE IF NOT EXISTS `antivirus` (
`id` int(11) NOT NULL,
  `nombre` varchar(100) NOT NULL,
  `fecha_registro` date NOT NULL,
  `fecha_vencimiento` date NOT NULL
) ENGINE=InnoDB  DEFAULT CHARSET=utf8 AUTO_INCREMENT=3 ;

--
-- Volcado de datos para la tabla `antivirus`
--

INSERT INTO `antivirus` (`id`, `nombre`, `fecha_registro`, `fecha_vencimiento`) VALUES
(2, 'kaspersky small office security 4', '2017-03-15', '2018-03-15');

-- --------------------------------------------------------

--
-- Estructura de tabla para la tabla `calidad`
--

CREATE TABLE IF NOT EXISTS `calidad` (
`id` int(11) NOT NULL,
  `cargo_id` int(11) DEFAULT NULL,
  `cambio_contra` varchar(45) DEFAULT NULL,
  `bloquea_auto` varchar(45) DEFAULT NULL,
  `bloqueo` varchar(45) DEFAULT NULL,
  `copia_seguridad` varchar(45) DEFAULT NULL,
  `antivirus` varchar(45) DEFAULT NULL,
  `progra_no _auto` varchar(45) DEFAULT NULL,
  `carpeta_compartido` varchar(45) DEFAULT NULL
) ENGINE=InnoDB  DEFAULT CHARSET=latin1 AUTO_INCREMENT=33 ;

--
-- Volcado de datos para la tabla `calidad`
--

INSERT INTO `calidad` (`id`, `cargo_id`, `cambio_contra`, `bloquea_auto`, `bloqueo`, `copia_seguridad`, `antivirus`, `progra_no _auto`, `carpeta_compartido`) VALUES
(1, 1, 'SI', 'SI', 'SI', 'SI', 'SI', 'SI', 'SI'),
(2, 2, 'SI', 'SI', 'SI', 'SI', 'SI', 'SI', 'SI'),
(3, 3, 'SI', 'SI', 'SI', 'SI', 'SI', 'SI', 'SI'),
(4, 4, 'SI', 'SI', 'SI', 'SI', 'SI', 'SI', 'SI'),
(5, 5, 'SI', 'SI', 'SI', 'SI', 'SI', 'SI', 'SI'),
(6, 6, 'SI', 'SI', 'SI', 'SI', 'SI', 'SI', 'SI'),
(7, 7, 'SI', 'SI', 'SI', 'SI', 'SI', 'SI', 'SI'),
(8, 8, 'SI', 'SI', 'SI', 'SI', 'SI', 'SI', 'SI'),
(9, 9, 'SI', 'SI', 'SI', 'SI', 'SI', 'SI', 'SI'),
(10, 10, 'SI', 'SI', 'SI', 'SI', 'SI', 'SI', 'SI'),
(11, 11, 'SI', 'SI', 'SI', 'SI', 'SI', 'SI', 'SI'),
(12, 12, 'SI', 'SI', 'SI', 'SI', 'SI', 'SI', 'SI'),
(13, 13, 'SI', 'SI', 'SI', 'SI', 'SI', 'SI', 'SI'),
(14, 14, 'SI', 'SI', 'SI', 'SI', 'SI', 'SI', 'SI'),
(15, 15, 'SI', 'SI', 'SI', 'SI', 'SI', 'SI', 'SI'),
(16, 16, 'SI', 'SI', 'SI', 'SI', 'SI', 'SI', 'SI'),
(17, 17, 'SI', 'SI', 'SI', 'SI', 'SI', 'SI', 'SI'),
(18, 18, 'SI', 'SI', 'SI', 'SI', 'SI', 'SI', 'SI'),
(19, 19, 'SI', 'SI', 'SI', 'SI', 'SI', 'SI', 'SI'),
(20, 20, 'SI', 'SI', 'SI', 'SI', 'SI', 'SI', 'SI'),
(21, 21, 'SI', 'SI', 'SI', 'SI', 'SI', 'SI', 'SI'),
(22, 22, 'SI', 'SI', 'SI', 'SI', 'SI', 'SI', 'SI'),
(23, 23, 'SI', 'SI', 'SI', 'SI', 'SI', 'SI', 'SI'),
(24, 24, 'SI', 'SI', 'SI', 'SI', 'SI', 'SI', 'SI'),
(25, 25, 'SI', 'SI', 'SI', 'SI', 'SI', 'SI', 'SI'),
(26, 26, 'SI', 'SI', 'SI', 'SI', 'SI', 'SI', 'SI'),
(27, 27, 'SI', 'SI', 'SI', 'SI', 'SI', 'SI', 'SI'),
(28, 28, 'SI', 'SI', 'SI', 'SI', 'SI', 'SI', 'SI'),
(29, 29, 'SI', 'SI', 'SI', 'SI', 'SI', 'SI', 'SI'),
(30, 30, 'SI', 'SI', 'SI', 'SI', 'SI', 'SI', 'SI'),
(31, 31, 'SI', 'SI', 'SI', 'SI', 'SI', 'SI', 'SI'),
(32, 32, 'SI', 'SI', 'SI', 'SI', 'SI', 'SI', 'SI');

-- --------------------------------------------------------

--
-- Estructura de tabla para la tabla `cargo`
--

CREATE TABLE IF NOT EXISTS `cargo` (
`id` int(11) NOT NULL,
  `nombre` varchar(45) NOT NULL,
  `departamentos_id` int(11) NOT NULL
) ENGINE=InnoDB  DEFAULT CHARSET=utf8 AUTO_INCREMENT=70 ;

--
-- Volcado de datos para la tabla `cargo`
--

INSERT INTO `cargo` (`id`, `nombre`, `departamentos_id`) VALUES
(1, 'GERENTE GENERAL', 1),
(2, 'GERENTE ADMINISTRATIVO Y FINANCIERA ', 1),
(3, 'JEFE DE COMPRAS Y ALMACEN ', 1),
(4, 'CONTADOR ', 1),
(5, 'CONTADORA AUXILIAR ', 1),
(6, 'JEFE DEPARTAMENTO DE TALENTO HUMANO ', 1),
(7, 'TESORERIA, CARTERA Y MONEDA EXTRANJERA ', 1),
(8, 'JEFE DEPARTAMENTO DE COSTOS  ', 1),
(9, 'AUXILIAR DE COSTOS ', 1),
(10, 'ANALISTA DE SISTEMA DE INFORMACION ', 1),
(11, 'COORDINADOR MEJORA CONTINUA', 1),
(12, 'DIRECTOR COMERCIAL ', 2),
(13, 'COORDINADOR DE OPERACIONES COMERCIALES ', 2),
(14, 'JEFE PRODUCTO TERMINADO ', 2),
(15, 'ASISTENTE COMERCIAL ', 2),
(16, 'ASISTENTE FACTURACION Y  DESPACHOS ', 2),
(17, 'VENDEDOR  ', 2),
(18, 'DIRECTOR DE PRODUCCION ', 3),
(19, 'ASISTENTE DE PRODUCCION ', 3),
(20, 'ANALISTA QUIMICO ', 3),
(21, 'SUPERVISOR DE MOLIENDA Y EXTRUSION ', 3),
(22, 'SUPERVISOR DE SECADO ', 3),
(23, 'SUPERVISOR DE COCCION ', 3),
(24, 'SUPERVISOR CARGUE Y DESCARGUE ', 3),
(25, 'SUPERVISOR DE SELECCIÓN Y EMPAQUE ', 3),
(26, 'JEFE DEPARTAMENTO ARTE Y ARCILLA ', 3),
(27, 'SUPERVISOR DE MINAS', 4),
(28, 'JEFE DE  MANTENIMIENTO Y  PROYECTOS ', 5),
(29, 'ASESOR DE SISTEMAS', 1),
(30, 'COORDINADORA SST', 1),
(31, 'ARQUITECTO', 2),
(32, 'AUXILIAR DE NOMINA', 1);

-- --------------------------------------------------------

--
-- Estructura de tabla para la tabla `claves`
--

CREATE TABLE IF NOT EXISTS `claves` (
`id` int(11) NOT NULL,
  `windows_user` varchar(45) NOT NULL,
  `windows_pass` varchar(45) NOT NULL,
  `correo_user` varchar(45) NOT NULL,
  `correo_pass` varchar(45) NOT NULL,
  `usuario_id` int(11) NOT NULL
) ENGINE=InnoDB  DEFAULT CHARSET=utf8 AUTO_INCREMENT=31 ;

--
-- Volcado de datos para la tabla `claves`
--

INSERT INTO `claves` (`id`, `windows_user`, `windows_pass`, `correo_user`, `correo_pass`, `usuario_id`) VALUES
(1, 'user', '123', 'analistainformacion@pescadero.com.co', 'clZ3k#85', 1),
(2, 'Adriana', 'ANDRES', 'auxiliarcontable@pescadero.com.co', 'PeKDero2014', 2),
(3, 'Almacen ', 'ALIRIO', 'compras@pescadero.com.co', '109CompPKdero', 3),
(4, 'vendedor', 'pescadero2015', 'a.comercial2@pescadero.com.co', 'eE!ug365', 4),
(5, 'Shirly', 'ventas', 'auxcomercial@pescadero.com.co', 'jbs8k28pescadero', 5),
(6, 'Adriana', 'mejora', 'calidad@pescadero.com.co', 'calPKdero122', 6),
(7, 'Diana Paola', '2016', 'tesoreria@pescadero.com.co', '104TesRpKdero', 7),
(8, 'Noralba', '123', 'comercial@pescadero.com.co', 'Pkdero123Cial', 8),
(9, 'Marisol', 'marisol', 'personal@pescadero.com.co', 'PerS107PkDERO', 9),
(10, 'Administrador', 'Soporte2015', 'edward22069@gmail.com', 'No Aplica', 10),
(11, 'norma rodriguez', '6511', 'g.administrativa@pescadero.com.co', 'GpKdero118admI', 11),
(12, 'Amelia Sanchez', 'JOAM', 'contabilidad@pescadero.com.co', 'contb103Pkdero', 12),
(13, 'despacho', '0903despachos', 'despachos@pescadero.com.co', 'pekadero2015', 13),
(14, 'MINAS', 'minas2016', 'minas@pescadero.com.co ', 'Gaby2100', 14),
(15, 'admin', 'lindacoconito', 'secado@pescadero.com', 'SPekadero2016', 15),
(16, 'ARTE Y ARCILLA', 'AYA0727', 'arteyarcilla@pescadero.com.co', 'AyA116-3pkdERo', 16),
(17, 'Freddy', 'JEFCOS', 'costos@pescadero.com.co', '113costPKDEro', 17),
(18, 'AsistCostos', 'AUXILIAR', 'auxiliarcostos@pescadero.com.co', 'acostosPkdero1', 18),
(19, 'PROYECTO', 'MttoyProyectos', 'proyectos@pescadero.com.co', 'PkderoProyec2015', 19),
(20, 'Admin', 'bloque', 'coccion@pescadero.com.co', 'Lw8af35', 20),
(21, 'Paola Andrea', 'pamg2011', 'csst@pescadero.com.co', 'CsPkdeRo2016', 21),
(22, 'Laboratorio', '5398264', 'laboratorio@pescadero.com.co', '120LabtpKDeRo', 22),
(23, 'asistproduccion', 'loammi94', 'asistproduccion@pescadero.com.co', 'AsisPrPkero2016', 23),
(24, 'dolly', 'valery', 'd.tecnico@pescadero.com.co', 'd.tec6612', 24),
(25, 'adm', '4321', 'seleccionyempaque@pescadero.com.co', 'Yman269', 25),
(26, 'oscar', 'bodega100', 'bodega@pescadero.com.co', 'bodPKdero133', 26),
(27, 'asis arquitecta', 'comercial', 'arquitectos@pescadero.com.co', 'ArqPkdero2016', 27),
(28, 'supervisor', 'cucuta123', 's.mextrusion@pescadero.com.co', 'SmExtruPkadero', 28),
(29, 'Comercial', '02bc3147bc21ad58824e77d83bc7a9e2', 'comercial2@pescadero.com.co', 'cordComPkadero', 29),
(30, 'user', '', 'nomina@pescadero.com.co', 'nominPesck2016', 31);

-- --------------------------------------------------------

--
-- Estructura de tabla para la tabla `cpu`
--

CREATE TABLE IF NOT EXISTS `cpu` (
`id` int(11) NOT NULL,
  `tipoCpu` varchar(45) NOT NULL,
  `marca` varchar(45) NOT NULL,
  `modelo` varchar(45) NOT NULL,
  `serial` varchar(45) NOT NULL,
  `memoria` varchar(45) NOT NULL,
  `discoduro` varchar(45) NOT NULL,
  `procesador` varchar(45) NOT NULL,
  `dvd` varchar(45) NOT NULL,
  `observacion` varchar(300) NOT NULL,
  `estado` int(11) NOT NULL,
  `cargo_id` int(11) NOT NULL
) ENGINE=InnoDB  DEFAULT CHARSET=utf8 AUTO_INCREMENT=31 ;

--
-- Volcado de datos para la tabla `cpu`
--

INSERT INTO `cpu` (`id`, `tipoCpu`, `marca`, `modelo`, `serial`, `memoria`, `discoduro`, `procesador`, `dvd`, `observacion`, `estado`, `cargo_id`) VALUES
(1, 'PC ESCRITORIO', 'HP', 'HP D5468AT', '1331211', 'AMD Phenom 8400', '4GB', '320 GB', 'SI', '0', 1, 1),
(2, 'PC ESCRITORIO', 'DELL', 'XPS 8700', '21V8W12', 'Intel Core i7 4770', '16GB', '1 TB', 'SI', '0', 0, 2),
(3, 'PC ESCRITORIO', 'HP', '8200 PC Elite SFF HP', 'MXL1450V7C', 'Intel Core i5 2400', '4GB', '500 GB', 'SI', '0', 0, 3),
(4, 'PC ESCRITORIO', 'DELL', 'Vostro 270s', '8ZJNHX1', 'Intel Core i5 3470S', '6GB', '1 TB', 'SI', '0', 0, 4),
(5, 'PC ESCRITORIO', 'DELL', 'Inspiron 3647', '6CNLR22', 'Intel Core i3 4150', '4GB', '2 TB', 'SI', '0', 0, 5),
(6, 'PC ESCRITORIO', 'DELL', 'OptiPlex 3020 01', '7PL9CZ1', 'Intel Core i3 4130', '4GB', '500 GB', 'SI', '0', 0, 6),
(7, 'PC ESCRITORIO', 'DELL', 'Vostro 270s', '8ZGQHX1', 'Intel Pentium G2020', '4GB', '500 GB', 'SI', '0', 0, 7),
(8, 'PC ESCRITORIO', 'DELL', 'XPS 8700', '5BP2H02', 'Intel Core i5', '4GB', '1 TB', 'SI', '0', 0, 8),
(9, 'PC ESCRITORIO', 'DELL', 'Inspiron 3647', '4LW6B42', 'Intel Core i5 4460S', '8GB', '1 TB', 'SI', '0', 0, 9),
(10, 'PC ESCRITORIO', 'HP', 'Pavilion dv2500', '2CE8090G2B', 'Core i3 4010U', '4GB', '1 TB', 'SI', '0', 0, 10),
(11, 'PC ESCRITORIO', 'DELL', 'XPS 8700', '5BP1H02', 'Intel Core i5 4440', '8GB', '1 TB', 'SI', '0', 0, 11),
(12, 'PORTATIL', 'HP', 'PAVILION 5470', '7H2Y002', 'Core i3 4010U', '4GB', '500 GB', 'SI', '0', 0, 12),
(13, 'PC ESCRITORIO', 'DELL', 'XPS 8700', '5BP3H02', 'Intel Core i5 4440', '8GB', '1 TB', 'SI', '0', 0, 13),
(14, 'PC ESCRITORIO', 'HP', 'HP 8300', 'MLX34XZ', 'Intel CORE I 5', '4GB', '500 GB', 'SI', '0', 0, 14),
(15, 'PC ESCRITORIO', 'HP', '8200 Elite', 'MXL1450V8K', 'Intel Core i5 2400', '4GB', '500 GB', 'SI', '0', 0, 15),
(16, 'PC ESCRITORIO', 'HP', '8200 Elite SFF', 'MXL1450V7S', 'Intel Core i5 2400', '4GB', '500 GB', 'SI', '0', 0, 16),
(17, 'PC ESCRITORIO', 'HP', 'Pavilion 11', 'CND3350CZC', 'AMD A4 1250', '4GB', '500 GB', 'SI', '0', 0, 17),
(18, 'PC ESCRITORIO', 'HP', 'HP 8300', 'MLX 85C', 'Intel CORE I5', '4 GB', '500 GB', 'SI', '0', 0, 18),
(19, 'PC ESCRITORIO', 'CLON', 'N/A', 'N/A', 'Intel Pentium Dual', '2GB', '500 GB', 'SI', '0', 0, 19),
(20, 'PC ESCRITORIO', 'CLON', 'N/A', 'N/A', 'Intel Celeron 430', '1GB', '320 GB', 'SI', '0', 0, 20),
(21, 'PC ESCRITORIO', 'COMPAQ', 'CQ2001LA', 'CNX8502FTR', 'Intel Atom230', '1GB', '160 GB', 'SI', '0', 0, 21),
(22, 'PC ESCRITORIO', 'HP', 'HP 8300', 'MLX 17QS', 'Intel CORE I 5', '4 GB', '500 GB', 'SI', '0', 0, 22),
(23, 'PC ESCRITORIO', 'CLON', 'P13G+', 'N/A', 'Intel PentiumDual', '1GB', '250 GB', 'SI', '0', 0, 23),
(24, 'PC ESCRITORIO', 'COMPAQ', 'CQ', '6Y1ADYSZB035', 'Intel Pentium III', '256 MB', '80GB', 'SI', '0', 0, 24),
(25, 'PC ESCRITORIO', 'HP', 'HP 8300', 'MLX 2405', 'Intel CORE I5', '4 GB', '500 GB', 'SI', '0', 0, 25),
(26, 'PC ESCRITORIO', 'HP', 'HP 8300', 'MLX 34X8', 'INTEL CORE I5', '4GB', '500 GB', 'SI', '0', 0, 26),
(27, 'PC ESCRITORIO', 'DELL', 'OptiPlex 3020 01', '7PLBCZ1', 'Intel Core i3 4130', '4GB', '500 GB', 'SI', '0', 0, 27),
(28, 'PC ESCRITORIO', 'DELL', 'Inspiron 3647', '4LV7B42', 'Intel Core i5 4460S', '8GB', '1 TB', 'SI', '0', 0, 28),
(29, 'PC ESCRITORIO', 'HP', 'ProLiant ML350 G4', 'N/A', 'Intel Xeon', '512 MB', '500 GB', 'SI', '0', 0, 29),
(30, 'PC ESCRITORIO', 'DELL', 'XPS 8700', '21T9W12', 'Intel Core i7-4770', '8 MB', '1TB', 'SI', '0', 0, 31);

-- --------------------------------------------------------

--
-- Estructura de tabla para la tabla `departamentos`
--

CREATE TABLE IF NOT EXISTS `departamentos` (
`id` int(11) NOT NULL,
  `nombre` varchar(45) NOT NULL
) ENGINE=InnoDB  DEFAULT CHARSET=utf8 AUTO_INCREMENT=70 ;

--
-- Volcado de datos para la tabla `departamentos`
--

INSERT INTO `departamentos` (`id`, `nombre`) VALUES
(1, 'ADMINISTRACION'),
(2, 'COMERCIAL'),
(3, 'PRODUCCION'),
(4, 'MINAS'),
(5, 'MANTENIMIENTO');

-- --------------------------------------------------------

--
-- Estructura de tabla para la tabla `impresora`
--

CREATE TABLE IF NOT EXISTS `impresora` (
`id` int(11) NOT NULL,
  `marca` varchar(45) NOT NULL,
  `modelo` varchar(45) NOT NULL,
  `serial` varchar(45) NOT NULL,
  `tipoConector` varchar(45) NOT NULL,
  `ipImpresora` varchar(50) NOT NULL,
  `observacion` varchar(300) NOT NULL,
  `estado` int(11) NOT NULL,
  `cargo_id` int(11) NOT NULL
) ENGINE=InnoDB  DEFAULT CHARSET=utf8 AUTO_INCREMENT=31 ;

--
-- Volcado de datos para la tabla `impresora`
--

INSERT INTO `impresora` (`id`, `marca`, `modelo`, `serial`, `tipoConector`, `ipImpresora`, `observacion`, `estado`, `cargo_id`) VALUES
(1, 'HP', 'HP LASERJET P1102W', '60147', '', '', '', 0, 1),
(2, 'HP', 'HP DESJEKT D1560', '32049', '', '', '', 0, 2),
(3, 'SAMSUNG', 'SCX 4521F', 'B00500T', '', '', '', 0, 3),
(4, 'HP', 'HP LASERJET P1102W', 'B14483', '', '', '', 0, 4),
(5, 'EPSON', 'EPSON FX 2190', '9191L', '', '', '', 0, 5),
(6, 'EPSON', 'EPSON FX 890', '801093', '', '', '', 0, 6),
(7, 'EPSON', 'EPSON FX 890', '38550', '', '', '', 0, 7),
(8, 'HP', 'HP LASERJET P1102W', '620318', '', '', '', 0, 8),
(9, 'HP', 'HP LASERJET P1102W', '620318', '', '', '', 0, 9),
(10, 'N/A', 'N/A', 'N/A', '', '', '', 0, 10),
(11, 'EPSON', 'EPSON L210', '62460', '', '', '', 0, 11),
(12, 'EPSON', 'EPSON L555', '75154', '', '', '', 0, 12),
(13, 'EPSON', 'EPSON L555', '75154', '', '', '', 0, 13),
(14, 'HP', 'HP LASERJET P1102W', '620318', '', '', '', 0, 14),
(15, 'EPSON', 'EPSON L555', '75154', '', '', '', 0, 15),
(16, 'EPSON', 'EPSON FX 890', '36214', '', '', '', 0, 16),
(17, 'EPSON', 'EPSON L555', '75154', '', '', '', 0, 17),
(18, 'HP', 'HP LASERJET P1102W', '620318', '', '', '', 0, 18),
(19, 'N/A', 'N/A', 'N/A', '', '', '', 0, 19),
(20, 'XEROX', 'XEROX 3121', '1237B', '', '', '', 0, 20),
(21, 'EPSON', 'EPSON L555', '75154', '', '', '', 0, 21),
(22, 'HP', 'HP LASERJET P1102W', '14535', '', '', '', 0, 22),
(23, 'HP', 'HP LASERJET P1102W', '14535', '', '', '', 0, 23),
(24, 'HP', 'HP LASERJET P1102W', '14535', '', '', '', 0, 24),
(25, 'HP', 'HP LASERJET P1102W', '14535', '', '', '', 0, 25),
(26, 'HP', 'HP LASERJET P1102W', '14535', '', '', '', 0, 26),
(27, 'HP', 'HP LASERJET P1102W', '14535', '', '', '', 0, 27),
(28, 'SAMSUNG', 'SAMSUNG ML 2010', '503196T', '', '', '', 0, 28),
(29, 'N/A', 'N/A', 'N/A', '', '', '', 0, 29),
(30, 'EPSON', 'EPSON L555', '75154', '', '', '', 0, 31);

-- --------------------------------------------------------

--
-- Estructura de tabla para la tabla `monitor`
--

CREATE TABLE IF NOT EXISTS `monitor` (
`id` int(11) NOT NULL,
  `marca` varchar(45) NOT NULL,
  `modelo` varchar(45) NOT NULL,
  `serial` varchar(45) NOT NULL,
  `pulgadas` varchar(45) NOT NULL,
  `observacion` varchar(300) NOT NULL,
  `estado` int(11) NOT NULL,
  `cargo_id` int(11) NOT NULL
) ENGINE=InnoDB  DEFAULT CHARSET=utf8 AUTO_INCREMENT=31 ;

--
-- Volcado de datos para la tabla `monitor`
--

INSERT INTO `monitor` (`id`, `marca`, `modelo`, `serial`, `pulgadas`, `observacion`, `estado`, `cargo_id`) VALUES
(1, 'HP', 'W2207H', '51WN7', '22,0', '', 0, 1),
(2, 'DELL', 'S2340LC', '39Q-0HNT', '23,5', '', 0, 2),
(3, 'SAMSUNG', 'B075824', 'B075824', '24,0', '', 0, 3),
(4, 'DELL', 'IN2030MC', '35R-0C4M', '20,0', '', 0, 4),
(5, 'HP', 'HPS1933', '33RNMJ', '18,5', '', 0, 5),
(6, 'DELL', 'E1914HC', '3B4-154B', '18,5', '', 0, 6),
(7, 'DELL', 'IN2030MC', '35R-0B8M', '20,0', '', 0, 7),
(8, 'DELL', 'S2340LC', '39Q-0IMT', '23,5', '', 0, 8),
(9, 'DELL', 'E2014HC', '4CK-IHDL', '20,0', '', 0, 9),
(10, 'SAMSUNG', 'IN2030MC', '39Q-0IMT', '20,0', '', 0, 10),
(11, 'DELL', 'S2340LC', '417-0PH5', '23,5', '', 0, 11),
(12, 'NO APLICA', 'NO APLICA', 'NO APLICA', '14,0', '', 0, 12),
(13, 'DELL', 'S2340LC', '39Q-QILT', '23,5', '', 0, 13),
(14, 'SAMSUNG', 'INMS40E', '4784-547', '23.5', '', 0, 14),
(15, 'SAMSUNG', '2943LNX', '7105A', '21,5', '', 0, 15),
(16, 'HP', '51933', 'RNMMM', '19,0', '', 0, 16),
(17, 'NO APLICA', 'NO APLICA', 'NO APLCIA', '11,6', '', 0, 17),
(18, 'SAMSUNG', 'S22D300', '1835H', '21,5', '', 0, 18),
(19, 'ACER', '874589E', '57HEFH', '17,0', '', 0, 19),
(20, 'ACER', '874SWS', '38139', '17,0', '', 0, 20),
(21, 'SANSUMG', '740NW', '102882R', '17,0', '', 0, 21),
(22, 'SAMSUNG', '732NPLUS', '4806P', '17,0', '', 0, 22),
(23, 'SAMSUN', '874SWS', 'AWEW-SD', '17,0', '', 0, 23),
(24, 'ACER', 'AL1706', 'C384045', '17,0', '', 0, 24),
(25, 'ACER', 'AL1706', '154045', '17,0', '', 0, 25),
(26, 'ACER', 'AL1706', 'SF4045', '17,0', '', 0, 26),
(27, 'DELL', 'E1914HC', '3B4-15B8', '18,5', '', 0, 27),
(28, 'DELL', 'E2014HC', '4CKJHFL', '20,0', '', 0, 28),
(29, 'COMPAQ', '7540', 'PFH86', '15,0', '', 0, 29),
(30, 'DELL', 'DELL', '39QOHPT', '29', '0', 0, 31);

-- --------------------------------------------------------

--
-- Estructura de tabla para la tabla `mouse`
--

CREATE TABLE IF NOT EXISTS `mouse` (
`id` int(11) NOT NULL,
  `marca` varchar(45) NOT NULL,
  `serial` varchar(45) NOT NULL,
  `observacion` varchar(300) NOT NULL,
  `estado` int(11) NOT NULL,
  `cargo_id` int(11) NOT NULL
) ENGINE=InnoDB  DEFAULT CHARSET=utf8 AUTO_INCREMENT=31 ;

--
-- Volcado de datos para la tabla `mouse`
--

INSERT INTO `mouse` (`id`, `marca`, `serial`, `observacion`, `estado`, `cargo_id`) VALUES
(1, 'HP', '53413', '', 0, 1),
(2, 'DELL', 'N/A', '', 0, 2),
(3, 'HP', '8075824', '', 0, 3),
(4, 'DELL', '35V165Y', '', 0, 4),
(5, 'DELL', '48C-IJDQ', '', 0, 5),
(6, 'DELL', '3AB-0CCG', '', 0, 6),
(7, 'DELL', '365-0P0K', '', 0, 7),
(8, 'GENIUS', '302354', '', 0, 8),
(9, 'DELL', '98D-0LVF', '', 0, 9),
(10, 'GENIUS', '98W-LOJ', '', 0, 10),
(11, 'DELL', '98D-=LVS', '', 0, 11),
(12, 'GENIUS', '32351', '', 0, 12),
(13, 'DELL', '00859', '', 0, 13),
(14, 'GENIUS', '874SW', '', 0, 14),
(15, 'HP', '5986-011', '', 0, 15),
(16, 'HP', '265W6-ON', '', 0, 16),
(17, 'N/A', 'N/A', '', 0, 17),
(18, 'GENIUS', '805795', '', 0, 18),
(19, 'N/A', 'N/A', '', 0, 19),
(20, 'ESENSES', 'N/A', '', 0, 20),
(21, 'ESENSES', 'N/A', '', 0, 21),
(22, 'ESENSES', 'N/A', '', 0, 22),
(23, 'HP', '1448ASD', '', 0, 23),
(24, 'ESENSES', 'N/A', '', 0, 24),
(25, 'GENIUS', '602197', '', 0, 25),
(26, 'GENIUS', '300690', '', 0, 26),
(27, 'DELL', '3AB-0CGW', '', 0, 27),
(28, 'DELL', 'A8729-48D', '', 0, 28),
(29, 'HP', 'QV088H', '', 0, 29),
(30, 'GENIUS', '1903', '', 0, 31);

-- --------------------------------------------------------

--
-- Estructura de tabla para la tabla `peticiones_analisis`
--

CREATE TABLE IF NOT EXISTS `peticiones_analisis` (
`id` int(11) NOT NULL,
  `peticion` varchar(10000) NOT NULL,
  `fecha_ini` varchar(45) NOT NULL,
  `fecha_fin` varchar(45) NOT NULL,
  `solucion` varchar(10000) NOT NULL,
  `estado` tinyint(1) NOT NULL,
  `usuario_id` int(11) NOT NULL
) ENGINE=InnoDB  DEFAULT CHARSET=utf8 AUTO_INCREMENT=94 ;

--
-- Volcado de datos para la tabla `peticiones_analisis`
--

INSERT INTO `peticiones_analisis` (`id`, `peticion`, `fecha_ini`, `fecha_fin`, `solucion`, `estado`, `usuario_id`) VALUES
(1, 'Solicitud : Solicitud : BUENOS DIAS, SOLCITO SU COLABORACION  EN QUE JORGE IVAN LE RECIBA Y LE SUPERVISE EL TREBAJO REALIZADO POR EL APRENDIZ SENA.\n\nGRACIAS..POR SU COLABOARACION \n\nSolucion : RESPONDIENO A LA SOLICITUD \nRELIZADA \nSE ESTA ASESORANDO\nY SUPERVISANDO\nEL TRABAJO DEL \nPOR EL APRENDIS SENA\nCRISTIAN SANTANDER\n \n Solucion : SE TRABAJO CON EL APRENDIS \nSENA EN EL PPROCESO DE DESARROLLO \nDE LA APLICACION PARA \nEL INGRESO DE ORDEN DE COMPRAS\n\nEL CUAL SE LE DEBEN HACER UNA MODIFICACIONES \nPARA SU IMPLEMENTACION\nPOR PETICION DE LA JEFE DE COMPRAS Y ALMACEN\nLAS CUALES SE ESTAN EN PROCESO\nPARA LA IMPLEMENTACION DE LA APLICACION \n\n\n Se Finalizó : 28/04/2016', '14/03/2016', '28/04/2016', 'SE TRABAJO CON EL APRENDIS \nSENA EN EL PPROCESO DE DESARROLLO \nDE LA APLICACION PARA \nEL INGRESO DE ORDEN DE COMPRAS\n\nEL CUAL SE LE DEBEN HACER UNA MODIFICACIONES \nPARA SU IMPLEMENTACION\nPOR PETICION DE LA JEFE DE COMPRAS Y ALMACEN\nLAS CUALES SE ESTAN EN PROCESO\nPARA LA IMPLEMENTACION DE LA APLICACION \n\n', 3, 3),
(2, 'GENERAR INFORME DE CARTERA EN EXCEL.   \n\nSolución : RESPONDIENDO ALA SOLICITUD HECHA \nME ACERQUE ALA OFICINA DE CONTABILIDAD\nPARA COLABORAR CON LA CONTADORA AUXILIAR \nENCONTRANDO QUE YA HABÍA SOLUCIONADO\nSU NECESIDAD ', '29/03/2016', '29/03/2016', 'RESPONDIENDO ALA SOLICITUD HECHA  ME ACERQUE ALA OFICINA DE CONTABILIDAD PARA COLABORAR CON LA CONTADORA AUXILIAR  ENCONTRANDO QUE YA HABÍA SOLUCIONADO SU NECESIDAD ', 3, 2),
(3, 'Cordial Saludo:\nLa presente con el fin de solicitarle,  sea activado este PC a la red de        impresoras ya q no puedo imprimir ningún documento desde este PC. \nSele agrádese la atención prestada a dicha solicitud.\n  \n\nSolución : SE INFORMO A EL USUARIO SUPERVISOR DE COCCIÓN \nEN CUANTO AL FUNCIONAMIENTO DEL SISTEMA Y EXPLICO LOS CASOS NE LOS CUALES SE LA SOLICITUD APLICARÍA PARA UNA SOLICITUD DE ANÁLISIS\n', '29/03/2016', '29/03/2016', ' SE INFORMO A EL USUARIO SUPERVISOR DE COCCIÓN  EN CUANTO AL FUNCIONAMIENTO DEL SISTEMA Y EXPLICO LOS CASOS NE LOS CUALES SE LA SOLICITUD APLICARÍA PARA UNA SOLICITUD DE ANÁLISI', 3, 20),
(4, 'Solicitud : \nBUENOS DIAS, \n\nAGRADEZCO POR FAVOR ME COLABORAN CON LA DESCARGA DE LOSARCHIVOS DE CAPACITACION DE UGPP,\nLOS CUALES ESTAN COMPRIMIDOS Y \nNO PERMITE SU APERTURA.\n Solucion : SE ERVISO LOS ARCHIVOS Y POR SU GRAN TAMÑO DE HABIAN DAÑADO EN EL PROCESO DE DESCARGA\nSE DESCARGARON DE NUEVO \nSE DESCOMPRIMIERON \nY ENTRGARON A  LA  CONTADORA AUXILAR\n\n\n Se Finalizó : 02/05/2016', '26/04/2016', '02/05/2016', 'SE ERVISO LOS ARCHIVOS Y POR SU GRAN TAMÑO DE HABIAN DAÑADO EN EL PROCESO DE DESCARGA\nSE DESCARGARON DE NUEVO \nSE DESCOMPRIMIERON \nY ENTRGARON A  LA  CONTADORA AUXILAR\n\n', 3, 2),
(5, 'Solicitud : HOLA JORGE LA SOLICITUD QUE YO HAGO ES LA REALIZACION DE UN PROGRAMA QUE FACILITE LA CREACION DE LOS CLIENTES ENTRE LAS AREAS DE FACTURACION Y COSTOS PUES LA FORMA ACTUAL QUE SE SIGUE HACE QUE SE DEMORE BASTANTE, LA IDEA ES LA CREACION DE UN PROGRAMA EL CUAL PERMITA REGISTRAR LA PETICION DE FACTURACION PARA CREAR UN CLIENTE, EL PROGRAMA DEBERIA DEJAR INCLUIR EN ESA PETICION LA CEDULA DEL CLIENTE Y LA INFORMACION BASICA, DE IGUAL MANERA QUE AL IMPRIMIR SE PUEDA TODO EN UNA SOLA PAGINA PUES LO MAS TEDIOSO DE ESTE PROCEDIMIENTO ES QUE LA IMPRESORA SOLO IMPRIME UNA CARA Y TOCA IMPRIMIR LA CEDULA EN UNA CARA LUEGO IR  A LA IMPRESORA VOLTEAR LA HOJA IMPRIMIR LA OTRA PARTE Y LUEGO SI CREAR EL CLIENTE, EL PROGRAM AYUDARIA A LLEVAR UN CONTROL MAS EXACTO DE LA CREACION DE CLIENTES EN EL SISTEMA Y DE IGUAL MANERA AGILIZARIA EL PROCEDIMIENTO Y DEMORANDO MENOS LOS CLIENTES EN FACTURACION, ASI SE VAN MAS CONTENTOS CON EL SERVICIO\n Solucion : \n Se Finalizó : 10/03/2017', '27/04/2016', '01/04/2017', '', 3, 18),
(6, 'Solicitud : BUENOS DIAS , POR FAVOR COLABORARME , CON LA REVISION  DE LA ORDEN DE DESPACHOS YA QUE PRESENTA DESCONFIGURACION  Y PIERDE CUERPO DEL DOCUMENTO., SIN DEJAR LLEVAR EL CONSECUTIVO CRONOLOGICO, POR LO TANTO, AGRADEZCO SU GESTION LO ANTES POSIBLE YA QUE ESTE DOCUMENTO ES DE VITAL IMPORTANCIA EN EL PROCESO DE DESPACHO , GRACIAS \n\n\nSolucion : SE REVISO EL ARCHIVO Y\nSE ENCONTRO QUE UNA O \nMAS MACROS\nUSADAS ESTABAN ROTAS\nSE REPARO EL ARCHIVO CON UNA \nCOPIA DEL ORIGINAL\nSE PROBO Y QUEDA FUNCIONANDO\n\n\n Se Finalizó : 28/04/2016', '28/04/2016', '28/04/2016', 'SE REVISO EL ARCHIVO Y\nSE ENCONTRO QUE UNA O \nMAS MACROS\nUSADAS ESTABAN ROTAS\nSE REPARO EL ARCHIVO CON UNA \nCOPIA DEL ORIGINAL\nSE PROBO Y QUEDA FUNCIONANDO\n\n', 3, 13),
(7, 'FAVOR REVISAR EL MODULO DE COTIZACIONES DE SIIGO PARA APLICAR AL AREA DE VENTAS. ESTABLECER CONTACTO CON DIANA LUZMAR\n\nSolucion : Se habló con la administradora encargada del programa contable SIIGO, ella me informa que el complemento ISIIGO, no está contemplado dentro de la licencia con la que se cuenta para el programa, para poder utilizar que los complementos ISIIGO (complemento web) Y  SIIGO ADIN (complemento para Excel), se debe cancelar un pago extra.  Razón por la que el módulo de cotizaciones no se podría utilizar por motivo de que su ejecución está diseñada  en plataforma web.  Y no se cuenta con las licencias requeridas para su uso y aplicación. Anexo información suministrada por el portal de clientes del sistema SIIGO.', '27/07/2016', '', 'Se habló con la administradora encargada del programa contable SIIGO, ella me informa que el complemento ISIIGO, no está contemplado dentro de la licencia con la que se cuenta para el programa, para poder utilizar que los complementos ISIIGO (complemento web) Y  SIIGO ADIN (complemento para Excel), se debe cancelar un pago extra.  Razón por la que el módulo de cotizaciones no se podría utilizar por motivo de que su ejecución está diseñada  en plataforma web.  Y no se cuenta con las licencias requeridas para su uso y aplicación. Anexo información suministrada por el portal de clientes del sistema SIIGO.', 3, 11),
(8, 'POR MEDIO DE LA PRESENTE SOLICITO POR FAVOR INMOVILIZAR LOS ENCABEZADOS CON SUS FILAS Y TEXTOS, DE LOS REGISTROS MAGNETICOS PARA TODO EL PERSONAL QUE MANEJE REGISTROS MAGNETICO. \n', '22/09/2016', '', 'SE ESTÁ EN EL PROCESO DE INMOVILIZAR LOS ENCABEZADOS CON SUS FILAS Y TEXTOS, DE LOS REGISTROS MAGNÉTICOS CORRESPONDIENTES A CADA PROCESO.', 3, 6),
(9, 'Solicitud : Solicitud : CORDIAL SALUDO\n\nPOR MEDIO DE LA PRESENTE SOLICITO LA POSIBILIDAD DE UNA MEJORA PARA EL ACCESO Y VISUALIZACION DE LOS ARCHIVOS Y FOMATOS DEL SISTEMA DE GESTION INTEGRAL ESTABLECIDO EN LA CARPTETA DE COMPARTIDOS DE CALIDAD. ADRIANA SERRANO MOLINA\n\n Solucion : SE ESTÁ EN ESPERA DE DISPONIBILIDAD \nDE TIEMPO POR PARTE DEL USUARIO PARA \nPODER INICIAR EL PROCESO DE\n RESPUESTA DE LA SOLICITUD.\n\n Solucion : \n Se Finalizó : 11/04/2018', '04/10/2016', '11/04/2018', '', 3, 6),
(10, 'BUENAS TARDES , POR MEDIO DEL PRESENTE SOLICITO CLAVE PARA EL REGISTRO DE HIDROMETROS MATERIAS PRIMAS QUE SE MANEJA CON EL AREA DE LABORATORIO \n\nSolución :  SE PROTEGE EL ARCHIVO MEDIANTE CIFRADO POR CONTRASEÑA Y SE HACE ENTREGA AL USUARIO SUPERVISOR DE MINAS', '06/01/2017', '', 'SE PROTEGE EL ARCHIVO MEDIANTE CIFRADO POR CONTRASEÑA Y SE HACE ENTREGA AL USUARIO SUPERVISOR DE MINAS', 3, 14),
(11, 'POR FAVOR REALIZAR CAMBIO DE CLAVE USUARIO ASISTENTE DE PRODUCCIÓN\n\n\nSolución :  SE REALIZO CAMBIO DE CLAVE DEL USUARIO ASISTENTE DE PRODUCCION CORREPONDIENTE A LOS SISTEMAS:        \nSIITP Y SOLICITUDES DE COMPRAS', '23/01/2017', '', 'SE REALIZO CAMBIO DE CLAVE DEL USUARIO ASISTENTE DE PRODUCCION CORREPONDIENTE A LOS SISTEMAS:        SIITP Y SOLICITUDES DE COMPRAS ', 3, 23),
(12, 'SOLICITO REVISIÓN DEL PROGRAM DE SOLICITUD DE COMPRAS EL CUAL NO SE PODIA ABRIR\n\nSolución :  SE REVISÓ EL PROGRAMA DE SOLICITUDES DE COMPRAS INSTALADO EN EL  EQUIPO DEL USUARIO SUPERVISOR DE SELECCIÓN Y EMPAQUE ENCONTRANDO QUE EL INCONVENIENTE SE DEBIÓ A QUE LA MÁQUINA VIRTUAL DE JAVA SE ACTUALIZO A UNA VERSIÓN MÁS RECIENTE LO CUAL ES DEMASIADO PESADA PARA LAS CAPACIDADES DEL EQUIPO SE CAMBIA LA VERSIÓN POR UNA MÁS ANTIGUA PARA SOLUCIONAR EL INCONVENIENTE EL SISTEMA QUEDA FUNCIONANDO CORRECTAMENTE.', '06/02/2017', '', 'SE REVISÓ EL PROGRAMA DE SOLICITUDES DE COMPRAS INSTALADO EN EL  EQUIPO DEL USUARIO SUPERVISOR DE SELECCIÓN Y EMPAQUE ENCONTRANDO QUE EL INCONVENIENTE SE DEBIÓ A QUE LA MÁQUINA VIRTUAL DE JAVA SE ACTUALIZO A UNA VERSIÓN MÁS RECIENTE LO CUAL ES DEMASIADO PESADA PARA LAS CAPACIDADES DEL EQUIPO SE CAMBIA LA VERSIÓN POR UNA MÁS ANTIGUA PARA SOLUCIONAR EL INCONVENIENTE EL SISTEMA QUEDA FUNCIONANDO CORRECTAMENTE.  ', 3, 25),
(13, 'BUENOS DÍAS JORGE SIERRA POR FAVOR ME COLABORA CON LA ELABORACIÓN DE UN CUADRO DE PRODUCCIÓN\n\n\n\nSolución :  SE DIO SOLUCIÓN A LA SOLICITUD Y SE ENTREGO EL ARCHIVO CON LAS FORMULAS NECESARIAS PARA QUE SE CALCULEN LOS VALORES PREVIAMENTE SOLICITADOS POR EL USUARIO DIRECTOR DE PRODUCCIÓN\n', '17/02/2017', '', 'SE DIO SOLUCIÓN A LA SOLICITUD Y SE ENTREGO EL ARCHIVO CON LAS FORMULAS NECESARIAS PARA QUE SE CALCULEN LOS VALORES PREVIAMENTE SOLICITADOS POR EL USUARIO DIRECTOR DE PRODUCCIÓN', 3, 24),
(14, 'SE SOLICITA AYUDA CON EL ACCESO  EN EL ESCRITORIO AL ARCHIVO DE MOLDEO EL CUAL SE BORRO.\n\nSolución :  SE CREÓ NUEVAMENTE EL ACCESO DIRECTO EN EL ESCRITORIO DEL EQUIPO DEL USUARIO SUPERVISOR DE MOLIENDA Y EXTRUSIÓN EL CUAL SE BORRÓ POR ERROR  \n', '20/02/2017', '', 'SE CREÓ NUEVAMENTE EL ACCESO DIRECTO EN EL ESCRITORIO DEL EQUIPO DEL USUARIO SUPERVISOR DE MOLIENDA Y EXTRUSIÓN EL CUAL SE BORRÓ POR ERROR  ', 3, 28),
(15, 'Por medio de la presente solicitamos por favor una asesoría para nuevos registros magnéticos de laboratorio y a su vez establecer una carpeta donde estén toda la información que laboratorio desea guardar en la copia de seguridad. \n\nSolución :  ATENDIENDO LA SOLICITUD SE REALIZÓ EL SIGUIENTE PROCESO EN EL ARCHIVO (CONTROL TEJAR PESCADERO) QUE ES UTILIZADO POR EL LABORATORIO: SE BLOQUEARON LOS ENCABEZADOSSE CREÓ UNA PÁGINA DE INICIO CON HIPERVÍNCULOS PARA TENER UN MEJOR DESPLAZAMIENTO POR EL ARCHIVO PARA SU CONSULTAQUEDA PENDIENTE LA PARTE DE ANEXAR EL ARCHIVO AL PROCESO DE COPIA DE SEGURIDAD.\n\n\n', '24/02/2017', '', 'ATENDIENDO LA SOLICITUD SE REALIZÓ EL SIGUIENTE PROCESO EN EL ARCHIVO (CONTROL TEJAR PESCADERO) QUE ES UTILIZADO POR EL LABORATORIO: SE BLOQUEARON LOS ENCABEZADOSSE CREÓ UNA PÁGINA DE INICIO CON HIPERVÍNCULOS PARA TENER UN MEJOR DESPLAZAMIENTO POR EL ARCHIVO PARA SU CONSULTAQUEDA PENDIENTE LA PARTE DE ANEXAR EL ARCHIVO AL PROCESO DE COPIA DE SEGURIDAD.', 3, 6),
(16, 'POR FAVOR REVISAR EL VENTILADOR DE LA FUENTE NO ARRANCA Y REVISAR EL ESTABILIZADOR GRACIAS\n\nSolución :  ESTA SOLICITUD SE DEBE REALIZAR AL ASESOR DE SISTEMAS QUE ES QUIEN ESTA AUTORIZADO Y ENCARGADO DEL SOPORTE TÉCNICO DE LOS EQUIPOS\n', '25/02/2017', '', 'ESTA SOLICITUD SE DEBE REALIZAR AL ASESOR DE SISTEMAS QUE ES QUIEN ESTA AUTORIZADO Y ENCARGADO DEL SOPORTE TÉCNICO DE LOS EQUIPOS', 3, 15),
(17, 'Solicitud : BUENOS DIAS, \nSOLICITO CAMBIO DE CLAVE Y  NOMBRE PARA EL USUARIO JEFE DE BODEGA Y PRODUCTO TERMINADO \n\nGRACIAS\n \nSolucion : SE REALIZO CAMBIO DE CLAVE Y NOMBRE\nPARA EL USUARIO \nJEFE DE BODEGA Y PRODUCTO TERMINADO\nPARA LOS SISTEMAS SIITP Y \nSOLICITUDES DE COMPRAS.\n\n Se Finalizó : 01/03/2017', '01/03/2017', '01/03/2017', 'SE REALIZO CAMBIO DE CLAVE Y NOMBRE\nPARA EL USUARIO \nJEFE DE BODEGA Y PRODUCTO TERMINADO\nPARA LOS SITEMAS SIITP Y \nSOLICITUDES DE COMPRAS.\n', 3, 3),
(18, 'Solicitud : Solicitud : SE SOLICITA LA REVISION DE ARCHIVO EXCEL MPA04-P01 R ORDEN DE TRABAJO CORRECTIVA, DEBIDO A QUE SE ENCUENTRA ELIMINANDO CELDAS AL PARECER POR QUE NO SE GUARDAN LOS CAMBIOS.\n\nGRACIAS\n Solucion : SE REVISÓ EL ARCHIVO PARA DETECTAR\nCUAL PODRÍA SER EL PROBLEMA\nSE DETECTÓ UNA POSIBLE CAUSA\nY SE REALIZÓ UNOS CAMBIOS\nEN LA EXTENSIÓN DEL ARCHIVO \nSE ESTÁ EN ESPERA PARA COMPROBAR \nSI SE SOLUCIONÓ EL PROBLEMA\n\n\n Solucion : SE DA CIERRE A LA SOLICITUD TENIENDO EN CUENTA QUE LA MODIFICACIÓN QUE SE HIZO RESOLVIÓ EL PROBLEMA DE PERDIDA DE INFORMACIÓN.\n Se Finalizó : 21/03/2017', '09/03/2017', '21/03/2017', 'SE DA CIERRE A LA SOLICITUD TENIENDO EN CUENTA QUE LA MODIFICACIÓN QUE SE HIZO RESOLVIÓ EL PROBLEMA DE PERDIDA DE INFORMACIÓN.', 3, 19),
(19, 'Solicitud : SE SOLICITA LA REVISION DEL EQUIPO PORTATIL CON EL QUE SE ENCUENTRA REALIZANDO LAS ACTIVIDADES EL APRENDIZ SENA JEAN CARLOS PEREZ.\n Solucion : SE REVISÓ EL EQUIPO PORTATIL EL CUAL EL APRENDIZ ESTÁ USANDO PARA EL DESARROLLO DE SUS ACTIVIDADES\nSE ENCONTRÓ QUE NO CONTABA CON ALGUNAS ACTUALIZACIONES NECESARIAS PARA SU CORRECTO FUNCIONAMIENTO  RAZÓN POR LA QUE EL EQUIPO ESTABA PRESENTANDO ALGUNAS DIFICULTADES SE EFECTUARON LAS ACTUALIZACIONES Y QUEDO TRABAJANDO NORMALMENTE.\n\n Se Finalizó : 09/03/2017', '04/03/2017', '09/03/2017', 'SE REVISÓ EL EQUIPO PORTATIL EL CUAL EL APRENDIZ ESTÁ USANDO PARA EL DESARROLLO DE SUS ACTIVIDADES\nSE ENCONTRÓ QUE NO CONTABA CON ALGUNAS ACTUALIZACIONES NECESARIAS PARA SU CORRECTO FUNCIONAMIENTO  RAZÓN POR LA QUE EL EQUIPO ESTABA PRESENTANDO ALGUNAS DIFICULTADES SE EFECTUARON LAS ACTUALIZACIONES Y QUEDO TRABAJANDO NORMALMENTE.\n', 3, 19),
(20, 'BUENOS DIAS. FAVOR ENCARGARSE DE EFECTUAR LAS ACTUALIZACIONES  DE LOS CELULARES ADQUIRIDOS POR LA EMPRESA. LAS ACTUALIZACIONES DEBEN HACERSE POR LA RED PARA EVITAR EL CONSUMO DE DATOS, PERO LA CLAVE DE LA RED WIFI NO DEBE TENERLA SINO USTED.\n\nMIL GRACIAS,\n\n Solucion : SE COLABORO CON\nLAS ACTUALIZACIONES  DE \nLOS CELULARES ADQUIRIDOS POR \nLA EMPRESA.\n\n Se Finalizó : 11/03/2017', '10/03/2017', '', 'SE COLABORO CON LAS ACTUALIZACIONES  DE  LOS CELULARES ADQUIRIDOS POR  LA EMPRESA.', 3, 11),
(21, 'Solicitud : BUENOS DIAS. FAVOR COLABORARLE A TESORERIA CON LOS CERTIFICADOS DE RETENCION QUE DEBEN SER ENVIADOS ANTES DEL DIA JUEVES.\nMIL GRACIAS,\n Solucion : SE LE PRESTO LA AYUDA A  TESORERIA PARA PODER CUMPLIR CON LA FECHA DE ENVIÓ OPORTUNO DE LOS CERTIFICADOS DE RETENCION\n Se Finalizó : 16/03/2017', '13/03/2017', '16/03/2017', 'SE LE PRESTO LA AYUDA A  TESORERIA PARA PODER CUMPLIR CON LA FECHA DE ENVIÓ OPORTUNO DE LOS CERTIFICADOS DE RETENCION', 3, 11),
(22, 'Solicitud : SE SOLICITA EN EL MODULO DE PROVEEDORES, DEJAR LA OPCION DE BUSCAR  POR NOMBRE Y RAZON SOCIAL, NO SOLO POR NIT. \n\nGRACIAS,\n\n Solucion : ATENDIENDO LA SOLICITUD HECHA SE CREARON DOS NUEVAS OPCIONES PARA BÚSQUEDA PARA EL MODULO DE PROVEEDORES LAS CUALES SON POR RAZÓN SOCIAL Y REPRESENTANTE LEGAL APARTE DE LA QUE YA EXISTÍA\n Se Finalizó : 31/03/2017', '30/03/2017', '31/03/2017', 'ATENDIENDO LA SOLICITUD HECHA SE CREARON DOS NUEVAS OPCIONES PARA BÚSQUEDA PARA EL MODULO DE PROVEEDORES LAS CUALES SON POR RAZÓN SOCIAL Y REPRESENTANTE LEGAL APARTE DE LA QUE YA EXISTÍA', 3, 11),
(23, 'Solicitud : Solicitud : BUEN DÍA, \nEL PROGRAMA DE COMPRAS SE ESTÁ BLOQUEANDO Y NO ME DEJA REALIZAR NINGÚN MOVIMIENTO. LE AGRADEZCO SU COLABORACIÓN\n Solucion : SE REVISÓ EL INOBEDIENTE PRESENTADO POR EL PROGRAMA SOLICITUDES DE COMPRA DESPUÉS DE REALIZAR VARIAS MODIFICACIONES SE LLEGÓ A LA CONCLUSIÓN DE QUE EL PROBLEMA PODRÍA SER ALGÚN BLOQUEO O CONFIGURACIÓN EL PC PODRÍA PROVOCAR EL BLOQUEO DEBIDO A QUE EL USUARIO INFORMA QUE TAMBIÉN SE PRESENTA CON LOS ARCHIVOS EN FORMATO EXCEL\nSE ESPERA A QUE CON LA AYUDA DEL ASESOR DE SISTEMAS SE PUEDA DAR UNA SOLUCIÓN A ESTE INCONVENIENTE.\n\n Solucion : SE SOLUCIONÓ EL INCONVENIENTE QUE PRESENTABA EL SISTEMA DE COMPRAS Y LOS ARCHIVOS CON FORMATO EXCEL \n Se Finalizó : 05/04/2017', '04/04/2017', '05/04/2017', 'SE SOLUCIONÓ EL INCONVENIENTE QUE PRESENTABA EL SISTEMA DE COMPRAS Y LOS ARCHIVOS CON FORMATO EXCEL ', 3, 16),
(24, 'Solicitud : BUENOS DIAS\nESTOY PRESENANDO PROBLEMAS CO EL PROGRAMA DE SOLICITUDES DE COMPRAS SE ESTA QUEDADNDO BLOQUEADO.\n\n Solucion : SE PROCEDIÓ A REVISAR SI EL ANTIVIRUS DEL PC PUDIERA ESTAR INTERFIRIENDO CON LA EJECUCIÓN DEL PROGRAMA SE APLICARON LAS CORRECCIONES PAR QUE ESTO NO SUCEDIERA SE HICIERON VARIAS PRUEBAS Y EL SISTEMA RESPONDIÓ BIEN.\n Se Finalizó : 08/04/2017', '08/04/2017', '08/04/2017', 'SE PROCEDIÓ A REVISAR SI EL ANTIVIRUS DEL PC PUDIERA ESTAR INTERFIRIENDO CON LA EJECUCIÓN DEL PROGRAMA SE APLICARON LAS CORRECCIONES PAR QUE ESTO NO SUCEDIERA SE HICIERON VARIAS PRUEBAS Y EL SISTEMA RESPONDIÓ BIEN.', 3, 27),
(25, 'Solicitud : SOLICITO POR FAVOR QUEMAR UNA INFORMACIÓN PERSONAL EN UN CD. GRACIAS\n Solucion : SE QUEMA EL CD \n Se Finalizó : 15/05/2017', '15/05/2017', '15/05/2017', 'SE QUEMA EL CD ', 3, 21),
(26, 'Solicitud : SOLICITO AYUDA DE ANALISTA DE SISTEMA PARA QUEMA DE CD DE INFORME ICA \n Solucion : SE QUEMA CD\n Se Finalizó : 15/05/2017', '15/05/2017', '15/05/2017', 'SE QUEMA CD', 3, 7),
(27, 'Solicitud : Solicitud : SOLICITO LA COLABORACIÓN PARA LA IMPLEMENTACIÓN DE UN ARCHIVO QUE AYUDE AL INGRESO  Y CONSULTA DE DATOS DEL PERSONAL DE LA EMPRESA.\n\nGRACIAS.\n Solucion : SE EMPEZARA A TRABAJAR EN LA \nSOLICITUD ALTERNANDOLA CON \nLA SOLICITUD \nDE COORDINADOR D EMEJORA \nCONTINUA \n\n Solucion : LA SOLICITUD LLEGO A SU TERMINACION \nDANDO COMO SOLUCION EL DESARROLLO DEL\nUN PROGRAMA PARA EL INGRESO Y CONTROL\nDE LA INFORMACION DEL PERSONAL DE\nLA EMPRESA.\n Se Finalizó : 11/04/2018', '15/05/2017', '11/04/2018', 'LA SOLICITUD LLEGO A SU TERMINACION \nDANDO COMO SOLUCION EL DESARROLLO DEL\nUN PROGRAMA PARA EL INGRESO Y CONTROL\nDE LA INFORMACION DEL PERSONAL DE\nLA EMPRESA.', 3, 21),
(28, 'Solicitud :  BUENOS DIAS JORGE \n POR FAVOR COLABORARME CON LA REDUCCION DE RESOLUCION DEL PDF ENVIADO A EL CORREO YA QUE DEBO ENVIAR MENOR A \n400 KB , PARA LA AGENCIA DE ADUANAS PODER COLABORARNOS CON EL CERTIFICADO DE ORIGEN \n\nGRACIAS .....\n Solucion : SE REALIZÓ EL PROCESO DE\nREDUCCIÓN DE\nTAMAÑO Y RESOLUCIÓN AL ARCHIVO\n Se Finalizó : 17/05/2017', '17/05/2017', '17/05/2017', 'SE REALIZÓ EL PROCESO DE\nREDUCCIÓN DE\nTAMAÑO Y RESOLUCIÓN AL ARCHIVO', 3, 13),
(29, 'Solicitud : EDWARD. SOLICITAMOS SE SIRVA TERMINAR LOS MANTENIMINETOS DE LOS PC´S E IMPRESORAS QUE POR CRONOGRAMA DEBERIAN ESTAR TERMINADOS. LOA ANTERIOR, NOS ACARREA INCONVENIENTES CON EL CRONOGRAMA PRESENTADO A BASC, CON EL SERVICIO AL CLIENTE,Y CON EL MANTENIMIENTO PREVENTIVO DE LOS EQUIPOS.\nMIL GRACIAS,\n Solucion : \n Se Finalizó : 26/05/2017', '23/05/2017', '26/05/2017', '', 3, 11),
(30, 'Solicitud : BUENOS DIAS JORGE POR FAVOR COLABORARME DE MANERA URGENTE  CON BAJAR RESOLUCION AL ARCHIVO ENVIADO VIA  EMAIL   QUE PESE MENOS DE 400 \nGRACIAS \n Solucion : SE REALIZÓ EL PROCESO DE \nREDUCCIÓN DE \nTAMAÑO Y RESOLUCIÓN AL ARCHIVO\n Se Finalizó : 31/05/2017', '31/05/2017', '31/05/2017', 'SE REALIZÓ EL PROCESO DE \nREDUCCIÓN DE \nTAMAÑO Y RESOLUCIÓN AL ARCHIVO', 3, 13),
(31, 'Solicitud : SOLICITO LA AYUDA PARA LA RECUPERACION DE UN ARCHIVO\n Solucion : SECO LABORO CON LA RECUPERACIÓN DEL ARCHIVO SE ENCONTRÓ UNA COPIA Y RESTABLECIÓ\n Se Finalizó : 04/07/2017', '01/07/2017', '04/07/2017', 'SECO LABORO CON LA RECUPERACIÓN DEL ARCHIVO SE ENCONTRÓ UNA COPIA Y RESTABLECIÓ', 3, 26),
(32, 'Solicitud : REVISAR MODULO COMPRAS PARA EL USURIO DE JEFE DE BODEGA LE ESTA PRESENTANDO PROBLEMAS AL CARGAR LOS PEDIDOS\n Solucion : SE REVISÓ EL EJECUTABLE DEL PROGRAMA DEL USUARIO JEFE DE BODEGA Y NO SE ENCONTRARON PROBLEMAS EN SU FUNCIONAMIENTO COMO MEDIDA DE PRECAUCIÓN SE CAMBIÓ EL EJECUTABLE SE REALIZÓ UNA PRUEBA Y NO PRESENTO PROBLEMAS LA DIFICULTAD QUE SE PRESENTA PODRÍA DEBERSE AL LÍMITE DE MEMORIA DEL EQUIPO EL CUAL ES MUY POCA SE RECOMENDÓ AL USUARIO EL CERRAR CUALQUIER OTRO PROGRAMA CUANDO SE TRABAJE EL SISTEMA DE SOLICITUDES DE COMPRAS\n Se Finalizó : 06/07/2017', '06/07/2017', '06/07/2017', 'SE REVISÓ EL EJECUTABLE DEL PROGRAMA DEL USUARIO JEFE DE BODEGA Y NO SE ENCONTRARON PROBLEMAS EN SU FUNCIONAMIENTO COMO MEDIDA DE PRECAUCIÓN SE CAMBIÓ EL EJECUTABLE SE REALIZÓ UNA PRUEBA Y NO PRESENTO PROBLEMAS LA DIFICULTAD QUE SE PRESENTA PODRÍA DEBERSE AL LÍMITE DE MEMORIA DEL EQUIPO EL CUAL ES MUY POCA SE RECOMENDÓ AL USUARIO EL CERRAR CUALQUIER OTRO PROGRAMA CUANDO SE TRABAJE EL SISTEMA DE SOLICITUDES DE COMPRAS', 3, 3),
(33, 'Solicitud : REVISION SOLICITUDES DE COMPRAS PARA DIANA LUZMAR YA QUE MANIFIESTA QUE NO LE SIRVE EL SISITEMA \n Solucion : SE ATENDIÓ LA SOLICITUD\nDANDO SOLUCIÓN LA SOLICITUD CAMBIANDO LA MÁQUINA\nVIRTUAL PARA QUE EL PROGRAMA\nSOLICITUDES DE COMPRA SE EJECUTARA CORRECTAMENTE.\n Se Finalizó : 21/07/2017', '18/07/2017', '21/07/2017', 'SE ATENDIÓ LA SOLICITUD\nDANDO SOLUCIÓN LA SOLICITUD CAMBIANDO LA MÁQUINA\nVIRTUAL PARA QUE EL PROGRAMA\nSOLICITUDES DE COMPRA SE EJECUTARA CORRECTAMENTE.', 3, 3),
(34, 'Solicitud : POR SOLICITUD DE GERENCIA GENERAL SE ESTA REALIZANDO UNA HERRAMIENTA PARA REALIZAR LA PLEACIÓN. UNA FASE DE ELLA Y LA MAS COMPLEJA, ES SINCRONIZAR LO REQUERIDO DE VENTAS CON LOS PUNTOS SOLICITADOS.  PARA ELLO SOLICTO SU COLABORACIÓN EN LA CREACIÓN DE UN SISTEMA GRAFICO DONDE EN UN CONTEXTO GENERAL ESTEN TODOS LOS HORNOS DE LA PLANTA CON ESPECIFICACIONES DE FORMAS, DAGAS E HILOS EXTRUCTURALES DENTRO DE CADA HORNO PARA PODER ENCONTRAR MODELOS DE LOS CARGUES Y CON ELLO REALIZAR ESTUDIOS POSTERIORES CONTRA LO PLANEADO,  CON ESTO SE PRETENDE LOGRAR EL OBJETIVO DE ASERTIBILIDAD EN QUEMAS. \n Solucion : SE INICIO EL TRABAAJNDO EN CONJUNTO\nCON EL DEPARTEMENTO DE COSTOS PARA\nDAR RESPUESTA A ESTA SOLICITUD', '22/07/2017', '27/07/2017', 'SE INICIO EL TRABAAJNDO EN CONJUNTO\nCON EL DEPARTEMENTO DE COSTOS PARA\nDAR RESPUESTA A ESTA SOLICITUD', 2, 17),
(35, 'Solicitud : BURENOS DIAS SE SOLICITA EL CAMBIO DE LA PERSONA AUTIORIZADA PARA RETIRAR LOS PEDIDOS\n Solucion : SE COLABORÓ CON EL USUARIO \nPARA EL CAMBIO DE LA PERSONA\nAUTORIZADA PARA RETIRO DE \nMATERIALES EN EL \nDEPARTAMENTO DE COMPRAS Y ALMACÉN \n Se Finalizó : 27/07/2017', '27/07/2017', '27/07/2017', 'SE COLABORÓ CON EL USUARIO \nPARA EL CAMBIO DE LA PERSONA\nAUTORIZADA PARA RETIRO DE \nMATERIALES EN EL \nDEPARTAMENTO DE COMPRAS Y ALMACÉN ', 3, 27),
(36, 'Solicitud : NO PUEDO INGRESAR AL MODULOME DICE QUE "MODULO ABIERTO"\n Solucion : SE HABILITO EL INGRESO AL MODULO\n Se Finalizó : 10/08/2017', '10/08/2017', '10/08/2017', 'SE HABILITO EL INGRESO AL MODULO', 3, 3),
(37, 'Solicitud : BUENOS DIAS. FAVOR EFECTUAR   UN INFORME DE LO QUE ESTÁ TRABAJANDO EN ESTE MOMENTO. SE REQUIERE SABER SI YA FINALIZÓ EL MODULO DE PERSONAL, Y SI YA SE FINALIZÓ EL PROGRAMA DE BASES DE DATOS DE TODO EL PERSONAL. REQUERIMIENTO EFECTUADO POR LA INGENIERA PAOLA MORA.\n\nGRACIAS,\n\n Solucion : SE ENVIO L AINFORMACION\nREQUERIDA\n Se Finalizó : 18/09/2017', '29/08/2017', '18/09/2017', 'SE ENVIO L AINFORMACION\nREQUERIDA', 3, 11),
(38, 'Solicitud : FAVOR REVISAR EL COMPUTADOR DEL SEÑOR GUSTAVO VILLAMIZAR AREA DE SECADO, NO PRENDE \n Solucion : Respondiendo a su solicitud se podria revisar el equipo sis el problema no es  muy complejo se podria colavorar \nYa si no se debe realizar la solicitud al asesor d esistemas por el modu soporte de sistmas.\n\n Se Finalizó : 31/08/2017', '31/08/2017', '31/08/2017', 'Respondiendo a su solicitud se podria revisar el equipo sis el problema no es  muy complejo se podria colavorar \nYa si no se debe realizar la solicitud al asesor d esistemas por el modu soporte de sistmas.\n', 3, 24),
(39, 'Solicitud : BUOS DIAS. SOLCITO INFORMACION SOBRE EL AVANCE EN LA SOLCITUD EFECTADA POR LA CSST. DESDE HACE YA VARIOS DIAS. \n Solucion : SE ENVIO LA \nINFORMACION SOLICITADA\n Se Finalizó : 18/09/2017', '05/09/2017', '18/09/2017', 'SE ENVIO LA \nINFORMACION SOLICITADA', 3, 11),
(40, 'Solicitud : FAVOR ELABORAR UN FORMATO PARA LA INSPECCION DE INSTALACIONES LOCATIVAS, DE ACUERDO AL MODELO QUE SE ENVIARA POR CORREO ELECTRONICO.\nGRACIAS\n Solucion : COMO SE SOLICITO SE CONVIRTIO EL ARCHIVO DE FORMATO PDF A WORD SE LIMPIARON LAS CASILLAS\nQUEDANDO EN BLACO EN EL FORMATO SE ANEXA EL DOCUMENTO CONVERTIDO.\n\n Se Finalizó : 18/09/2017', '18/09/2017', '18/09/2017', 'COMO SE SOLICITO SE CONVIRTIO EL ARCHIVO DE FORMATO PDF A WORD SE LIMPIARON LAS CASILLAS\nQUEDANDO EN BLACO EN EL FORMATO SE ANEXA EL DOCUMENTO CONVERTIDO.\n', 3, 11),
(41, 'Solicitud : FAVOR REVISAR SU CORREO ELECTRONICO. HAY UNA OBESERVACION AL CUADRO QUE ME MANDÓ .\nGRACIAS.\n Solucion : Respondiendo al correro anteriormente enviado se reviso el archivo y se verifico que la tabla y las frimas se encunetra en una sola hoja.\nSe envia de nuevo el archivo y si el problama persiste se me puede comunicar y revisaare la configuraion del programa microsoft word intalado en su equipo, puede suceder que el programa tiende a cambiar las configuraciones de los archivos descargados por correo.\n\n Se Finalizó : 21/09/2017', '19/09/2017', '21/09/2017', 'Respondiendo al correro anteriormente enviado se reviso el archivo y se verifico que la tabla y las frimas se encunetra en una sola hoja.\nSe envia de nuevo el archivo y si el problama persiste se me puede comunicar y revisaare la configuraion del programa microsoft word intalado en su equipo, puede suceder que el programa tiende a cambiar las configuraciones de los archivos descargados por correo.\n', 3, 11),
(42, 'Solicitud : NO PUEDO INGRESAR AL MODULO DE COMPRAS.. DICE MODULO ABIERTO \n Solucion : SE REVISO EL ICONVENIENTE Y YA\nPUEDE INGRESAR AL MODULO\nNORMALAMENTE, SE ESTARA PENDEINTE QUE ESTE INCONVENIENTE NO VUELVA A SUCEDER EN FUTURAS OPORTUNIDADES\n\n Se Finalizó : 07/10/2017', '07/10/2017', '07/10/2017', 'SE REVISO EL ICONVENIENTE Y YA\nPUEDE INGRESAR AL MODULO\nNORMALAMENTE, SE ESTARA PENDEINTE QUE ESTE INCONVENIENTE NO VUELVA A SUCEDER EN FUTURAS OPORTUNIDADES\n', 3, 3),
(43, 'Solicitud : MUY BUENOS DIAS POR FAVOR REINTALAR EL SISTEMA DE COMPRAS Y EL SISTEMA SITP POR CAMBIO DE EQUIPO\n Solucion : SE REINSTALARON EN EL EQUIPO\nJAVA RUTINE\nLOS PROGRAMAS\nSIITP Y SOLICITUDES DE COMPRAS\nSE CREARON LOS ACCESOS DIRECTOS\nPARA CADA UNO DE ELLOS Y\nSE PROBO SU FUNCIONAMIENTO.\n\n Se Finalizó : 26/10/2017', '26/10/2017', '26/10/2017', 'SE REINSTALARON EN EL EQUIPO\nJAVA RUTINE\nLOS PROGRAMAS\nSIITP Y SOLICITUDES DE COMPRAS\nSE CREARON LOS ACCESOS DIRECTOS\nPARA CADA UNO DE ELLOS Y\nSE PROBO SU FUNCIONAMIENTO.\n', 3, 15),
(44, 'Solicitud : FAVOR INSTALAR PROGRAMA DE SITP Y COMPRAS, YA QUE EL EQUIPO FUE FORMATEADO Y NO SE ENCUENTRA INSTALADO. GRACIAS\n Solucion : SE REINSTALARON EN EL EQUIPO\nJAVA RUTINE\nLOS PROGRAMAS\nSIITP Y SOLICITUDES DE COMPRAS\nSE CREARON LOS ACCESOS DIRECTOS\nPARA CADA UNO DE ELLOS Y\nSE PROBO SU FUNCIONAMIENTO.\n Se Finalizó : 26/10/2017', '26/10/2017', '26/10/2017', 'SE REINSTALARON EN EL EQUIPO\nJAVA RUTINE\nLOS PROGRAMAS\nSIITP Y SOLICITUDES DE COMPRAS\nSE CREARON LOS ACCESOS DIRECTOS\nPARA CADA UNO DE ELLOS Y\nSE PROBO SU FUNCIONAMIENTO.', 3, 16),
(45, 'Solicitud : INSTALACION DE JAVA RUTINE\n Solucion : SE REINSTALO EL JAVA RUTINE\nPARA QUE LOS SISTEMAS SIITP \nY SOLICITUDE DE COMPRAS\nSE EJECUTEN CORRECTAMENTE \nEN EL EQUIPO\n Se Finalizó : 26/10/2017', '26/10/2017', '26/10/2017', 'SE REINSTALO EL JAVA RUTINE\nPARA QUE LOS SISTEMAS SIITP \nY SOLICITUDE DE COMPRAS\nSE EJECUTEN CORRECTAMENTE \nEN EL EQUIPO', 3, 22),
(46, 'Solicitud : REVISAR PEDIDO MENSUAL DEL JEFE DE PRODUCTO TERMINADO YA QUE DUPLICA CADA UNO DE LOS PRODUCTOS SOLICITADOS PEDIDO # 348 \n Solucion : ATENDIENDO A LA SOLICITUD REALIZADA SE REVISÓ EL CÓDIGO Y SE HIZO UNA PRUEBA LOCAL CON EL USUARIO PRODUCTO TERMINADO Y NO SE ENCONTRÓ NINGÚN INCONVENIENTE.\nSE ACORDÓ CON EL USUARIO QUE ANTES QUE SE REALICE EL PEDIDO MENSUAL SE ME INFORMARA Y ASÍ PODER REVISAR EN EJECUCIÓN DE LA TAREA PARA IDENTIFICAR QUE PUEDE ESTAR SUCEDIENDO. \nSE ESTARÁ ATENTO A ESTE PEQUEÑO CONFLICTO Y SI SE PRESENTA CON OTROS USUARIOS O ES SOLO CON EL USUARIO JEFE DE PRODUCTO TERMINADO.\n\n Se Finalizó : 07/11/2017', '07/11/2017', '07/11/2017', 'ATENDIENDO A LA SOLICITUD REALIZADA SE REVISÓ EL CÓDIGO Y SE HIZO UNA PRUEBA LOCAL CON EL USUARIO PRODUCTO TERMINADO Y NO SE ENCONTRÓ NINGÚN INCONVENIENTE.\nSE ACORDÓ CON EL USUARIO QUE ANTES QUE SE REALICE EL PEDIDO MENSUAL SE ME INFORMARA Y ASÍ PODER REVISAR EN EJECUCIÓN DE LA TAREA PARA IDENTIFICAR QUE PUEDE ESTAR SUCEDIENDO. \nSE ESTARÁ ATENTO A ESTE PEQUEÑO CONFLICTO Y SI SE PRESENTA CON OTROS USUARIOS O ES SOLO CON EL USUARIO JEFE DE PRODUCTO TERMINADO.\n', 3, 3),
(47, 'Solicitud : SE SOLICITA LA CREACION DEL SIGUIENTE CENTRO DE COSTO EN EL MODULO DE COMPRAS.\n\nCC	CentroC.\n232	CORTE\n\n Solucion : EL CENTRO DE COSTOS 232-CORTE \nFUE CREADO EN LA \nBASE DE DATOS DEL SISTEMA SOLICITUDES DE COMPRA.\n\n Se Finalizó : 10/11/2017', '10/11/2017', '10/11/2017', 'EL CENTRO DE COSTOS 232-CORTE \nFUE CREADO EN LA \nBASE DE DATOS DEL SISTEMA SOLICITUDES DE COMPRA.\n', 3, 3),
(53, 'Solicitud : COORDINAR PARA CAMBIAR CLAVE AL USURIO #11\n Solucion : SE CAMBIÓ LA CLAVE PARA LOS SISTEMAS SIITP Y SOLICITUDES DE COMPRAS DEL USUARIO COORDINADOR DE MEJORA CONTINUA.\nSE LE EXPLICO SU FUNCIONAMIENTO.\n\n Se Finalizó : 17/11/2017', '16/11/2017', '17/11/2017', 'SE CAMBIÓ LA CLAVE PARA LOS SISTEMAS SIITP Y SOLICITUDES DE COMPRAS DEL USUARIO COORDINADOR DE MEJORA CONTINUA.\nY SE EXPLICO SU FUNCIONAMIENTO.\n', 3, 3),
(54, 'Solicitud : UN FAVOR REVISAR EL COMPUTADOR POR QUE ESTA MUY LENTO Y EL CORREO NO RECIBE NI ENVIA LOS MENSAJES\n Solucion : SI SU INCONVENIENTE ES DE RENDIMIENTO DEL EQUIPO Y PROBLEMAS CON EL FUNCIONAMIENTO DEL CORREO ELECTRÓNICO, LA SOLICITUD DEBE SER REALIZADA AL ASESOR DE SISTEMAS (EDUAR MARTINEZ) MEDIANTE EL MODULO SOPORTE DE SISTEMAS.\n Se Finalizó : 30/11/2017', '24/11/2017', '30/11/2017', 'SI SU INCONVENIENTE ES DE RENDIMIENTO DEL EQUIPO Y PROBLEMAS CON EL FUNCIONAMIENTO DEL CORREO ELECTRÓNICO, LA SOLICITUD DEBE SER REALIZADA AL ASESOR DE SISTEMAS (EDUAR MARTINEZ) MEDIANTE EL MODULO SOPORTE DE SISTEMAS.', 3, 25),
(55, 'Solicitud : Solicitud : AYUDA MODIFICACION  DE FORMATO INVESTIGACION DE ACCIDENTES DEBIDO A PRESENTA PROBLEMAS EN LA IMPRESION\nSE ADJUNTA ACHIVO.\n Solucion : SE REVISÓ EL  ARCHIVO (3. FORMATO - INVESTIGACIÓN DE INCIDENTES Y ACCIDENTES DE TRABAJO.XLSX) Y APARENTEMENTE NO HAY INCONVENIENTE CON ÉL, LO QUE PUEDE ESTAR SUCEDIENDO ES QUE LA CONFIGURACIÓN DE PARÁMETROS DE IMPRESIÓN, DE LA IMPRESORA INSTALADA EN LOS EQUIPOS ASIGNADOS, A LOS USUARIOS COORDINADOR DE MEJORA CONTINUA Y COORDINADOR DE SALUD Y SEGURIDAD EN EL TRABAJO, MODIFICAN LAS DIMENSIONES DEL ARCHIVOS AL MOMENTO DE IMPRIMIR SE ESTÁ BUSCANDO CUAL SERÍA LA CONFIGURACIÓN DE IMPRESIÓN ADECUADA PARA QUE EL FORMATO NO SEA MODIFICADO A LA HORA DE IMPRIMIR.\n Solucion : EFECTIVAMENTE EL INCONVENIENTE QUE PRESENTABA EL ARCHIVO ERAN LOS PARÁMETROS DE IMPRESIÓN SE HICIERON UNAS MODIFICACIONES EN LAS CONFIGURACIONES DE IMPRESIÓN DEL ARCHIVO Y SE HIZO UNA IMPRESIÓN Y SE SOLUCIONARON LOS FALTAS QUE TENÍA EL FORMATO A LA HORA DE IMPRIMIR.\n\n\n Se Finalizó : 30/11/2017', '27/11/2017', '30/11/2017', 'EFECTIVAMENTE EL INCONVENIENTE QUE PRESENTABA EL ARCHIVO ERAN LOS PARÁMETROS DE IMPRESIÓN SE HICIERON UNAS MODIFICACIONES EN LAS CONFIGURACIONES DE IMPRESIÓN DEL ARCHIVO Y SE HIZO UNA IMPRESIÓN Y SE SOLUCIONARON LOS FALTAS QUE TENÍA EL FORMATO A LA HORA DE IMPRIMIR.\n\n', 3, 21),
(56, 'Solicitud : COORDINAR CON LA DIRECTORA DE PRODUCCION YA QUE ESTA INGRESANDO UN PEDIDO MENSUAL Y NO LE PERMITE.\n Solucion : SE SOLUCIONÓ EL INCONVENIENTE  QUE PRESENTABA EL USUARIO DIRECTORA DE PRODUCCION SE VERIFICO QUE EL SISTEMA QUEDARA FUNCIONANDO CORRECTAMENTE, HACIENDO LA SOLICITUD DE PEDIDO MENSUAL.\n Se Finalizó : 11/12/2017', '11/12/2017', '11/12/2017', 'SE SOLUCIONÓ EL INCONVENIENTE  QUE PRESENTABA EL USUARIO DIRECTORA DE PRODUCCION SE VERIFICO QUE EL SISTEMA QUEDARA FUNCIONANDO CORRECTAMENTE, HACIENDO LA SOLICITUD DE PEDIDO MENSUAL.', 3, 3),
(57, 'Solicitud : BUENAS TARDES INFORMO QUE NO TENGO ACCESO A INTERNET Y CORREO CORPORATIVO\n\nGRACIAS\n\n Solucion : SE RECUERDA QUE LAS SOLICITUDES QUE\nQUE SE TRANTEN DE PROBLEMAS CON SOFTWARE LICENCIADO,CONECCIONES DE RED\n,HARDWARE Y TELEFONIA LA PERSONA ENCARGADA DE DARLE SOLUCION ES EL ASESOR\nDE SISTEMAS DE LA EMPRESA.\n Se Finalizó : 19/01/2018', '05/01/2018', '19/01/2018', 'SE RECUERDA QUE LAS SOLICITUDES QUE\nQUE SE TRANTEN DE PROBLEMAS CON SOFTWARE LICENCIADO,CONECCIONES DE RED\n,HARDWARE Y TELEFONIA LA PERSONA ENCARGADA DE DARLE SOLUCION ES EL ASESOR\nDE SISTEMAS DE LA EMPRESA.', 3, 16),
(58, 'Solicitud : Solicitud : SE REQUIERE QUE TODOS LOS PEDIDOS QUE NO SEAN DE CONSUMO MENSUAL SEAN CARGADOS EN LA BASE DE DATOS DEL AÑO 2018.\n\n\n Solucion : SE ESTAN TERMINANDO LAS  MODIFICACIONES AL PROGRAMA SOLICITUDES DE COMPRAS QUE PERMITIRA LA CONSULTA DE DOS BASES DE DATOS AL MISMO TIEMPO, LO CUAL PERMITIRA QUE SE PUEDAN TRABAJAR EL AÑO EN CURSO Y EL AÑO ANTERIOR\n\nESTO SIGNIFICA QUE PARA EL CASO DE 2018 SE PODRAN VISUALIZAR  Y TRABAJAR LAS SOLICITUDES DEL AÑO 2017 Y 2018 SIN NESECIDAD DE CAMBIAR LA CONECCION A LA BASE DE DATOS\n\nESTE CAMBIO SE EFECTUARA EL DIA DE MAÑANA SABADO 20 DE ENERO DE 2018\n\nEL DIA DE HOY VIERNES 19 DE ENERO DE 2018 A LAS 05:15 PM SE HARA UNA COPIA DE LAS BASES DE DATOS COMPRAS2017 Y COMPRAS2018 PARA TENER UN RESPALDO DE LA INFORMACION\n\nSE AGRADESE QUE  EL DIA DE MAÑANA  SE REALICE UNA PRUEBA DEL SISTEMA SOLICITUDES DE COMPRAS Y SI SE LLEGASEN A PRESENTAR  CUIALQUIER INCONVENIENTE PARA CORREGUIR DE INMEDIATO.\n\nSI EL SISTEMA FUNCIONA CORRECTAMENTE SIN INCOVENIENTES SE DARA POR TERMINADO EL PROCESO DE CAMBIOS \n \nCOMO SE INFORMO ANTERIORMENTE SE AGRADESE QUE SE HAGA LA SOLICITUD DE ESTA MODIFICACION MEDIANTE EL PROGRAMA SOLICITUDES DE ANALSIS.\n\n Solucion : \n Se Finalizó : 11/04/2018', '19/01/2018', '11/04/2018', '', 3, 3),
(59, 'Solicitud : SE SOLICITA SU COLABORACION EN BORRAR LA SALIDA DE ALMACEN #1761\n Solucion : SE ELIMINO LA SALIDA DE ALMACEN #1761 DE LA BASE DE DATOS COMPRAS2017\n Se Finalizó : 20/01/2018', '20/01/2018', '20/01/2018', 'SE ELIMINO LA SALIDA DE ALMACEN #1761 DE LA BASE DE DATOS COMPRAS2017', 3, 3),
(60, 'Solicitud : BUENOS DIAS JORGE \n\n\n POR FAVOR  COLABORARME CON LA REVISION DEL MODULO DE  SOLICITUD DE COMPRAS YA QUE NO PUEDO ACCEDER A LA APLICACION \n Solucion : SE CAMBIÓ EL EJECUTABLE DEL PROGRAMA PARA EL USUARIO ASISTENTE FACTURACION Y DESPACHOS,\nSE VERIFICO QUE FUNCIONARA CORRECTAMENTE,\nEL PROGRAMA QUEDA FUNCIONANDO.\n\n Se Finalizó : 23/01/2018', '23/01/2018', '23/01/2018', 'SE CAMBIÓ EL EJECUTABLE DEL PROGRAMA PARA EL USUARIO ASISTENTE FACTURACION Y DESPACHOS,\nSE VERIFICO QUE FUNCIONARA CORRECTAMENTE,\nEL PROGRAMA QUEDA FUNCIONANDO.\n', 3, 13),
(61, 'Solicitud : SE REQUIERE LOS SIGUIENTES FORMATOS EN LIMPIO DEL \nMODULO DE COMPRAS \n\n*REGISTRO DE PEDIDOS\n*SALIDA DE ALMACEN \n*LISTADO DE PROVEEDORES \n Solucion : COMO SE SOLICITÓ SE HICIERON CAPTURAS PANTALLA \nDE LOS FORMULARIOS (REGISTRO DE PEDIDOS, SALIDA DE , LISTADO DE PROVEEDORES) SIN DATOS Y SE ENVIARON MEDIANTE \nCORREO ELECTRÓNICO\n Se Finalizó : 20/02/2018', '19/02/2018', '20/02/2018', 'COMO SE SOLICITÓ SE HICIERON CAPTURAS PANTALLA \nDE LOS FORMULARIOS (REGISTRO DE PEDIDOS, SALIDA DE , LISTADO DE PROVEEDORES) SIN DATOS Y SE ENVIARON MEDIANTE \nCORREO ELECTRÓNICO', 3, 3),
(62, 'Solicitud : REVISAR MODULO DE COMPRAS YA QUE AL REALIZAR\nDESPLAZAMIENTO CON INTRO NO FUNCIONA SOLO SE PUEDE REALZIAR DESPLAZAMIENTO CON EL MOUSE\n Solucion : SE REESCRIBIÓ EL CÓDIGO USADO PARA MODIFICAR EL COMPORTAMIENTO DE LA TECLA INTRO,  QUE PERMITE EL DESPLAZAMIENTO ENTRE COMPONENTES.\n Se Finalizó : 20/02/2018', '20/02/2018', '20/02/2018', 'SE REESCRIBIÓ EL CÓDIGO USADO PARA MODIFICAR EL COMPORTAMIENTO DE LA TECLA INTRO,  QUE PERMITE EL DESPLAZAMIENTO ENTRE COMPONENTES.', 3, 3),
(63, 'Solicitud : REVISAR Y CORREGIR SALIDA DE ALMACEN..2013 YA QUE SE SOBREESCRIBIO COMO LO MUESTRA LA IMAGEN ADJUNTA \n Solucion : SE REALIZARON LOS CAMBIOS NECESARIOS PARA CORREGIR LOS NÚMEROS CONSECUTIVOS DE LAS SALIDAS, SE INSTALÓ  LA NUEVA VERSIÓN DEL MÓDULO DE SOLICITUDES DE COMPRAS EN EL EQUIPO AUXCOMPRAS PARA EVITAR QUE ESTO VOLVIERA A SUCEDER, DEBIDO A  QUE LAS SALIDAS SE REALIZARON DESDE ESE EQUIPO EN EL CUAL SE ENCONTRABA INSTALADO A LA VERSIÓN ANTERIOR, QUE SOLO CONSULTA A UNA SOLA BASE DE DATOS, ESTO ACTUALIZO EL CONSECUTIVO DE NÚMERO DE SALIDAS A # 2031.\nLOS CAMBIOS REALIZADOS FUERON VERIFICADOS POR PARTE DEL USUARIO JEFE DE COMPRAS Y ALMACÉN.\n\n Se Finalizó : 02/03/2018', '01/03/2018', '02/03/2018', 'SE REALIZARON LOS CAMBIOS NECESARIOS PARA CORREGIR LOS NÚMEROS CONSECUTIVOS DE LAS SALIDAS, SE INSTALÓ  LA NUEVA VERSIÓN DEL MÓDULO DE SOLICITUDES DE COMPRAS EN EL EQUIPO AUXCOMPRAS PARA EVITAR QUE ESTO VOLVIERA A SUCEDER, DEBIDO A  QUE LAS SALIDAS SE REALIZARON DESDE ESE EQUIPO EN EL CUAL SE ENCONTRABA INSTALADO A LA VERSIÓN ANTERIOR, QUE SOLO CONSULTA A UNA SOLA BASE DE DATOS, ESTO ACTUALIZO EL CONSECUTIVO DE NÚMERO DE SALIDAS A # 2031.\nLOS CAMBIOS REALIZADOS FUERON VERIFICADOS POR PARTE DEL USUARIO JEFE DE COMPRAS Y ALMACÉN.\n', 3, 3),
(64, 'Solicitud : SE SOLICITA LA CORRECCION DE LA SLAIDA 1994 YA QUE NO LA PUEDO MODIFICAR PORQUE FUE ENTREGADA EN SU TOTALIDAD .\nLA MODIFICACION SE DEBE REALIZAR DE ACUERDO A LA IMAGEN ENVIADA :\nTAMBIEN REVISAR POR QUE NO ESTA PERMITIENDO REALIZAR DEVOLUCIONES.\nCUANDO SE CONSULTA LAS ENTREGAS DE UN PRODUCTO POR MES NO ESTA FILTRANDO TODAS LAS ENTREGAS REALIZADAS\n Solucion : SE REALIZARON LOS CAMBIOS NECESARIOS PARA CORREGIR LOS NÚMEROS CONSECUTIVOS DE LAS SALIDAS, SE INSTALÓ  LA NUEVA VERSIÓN DEL MÓDULO DE SOLICITUDES DE COMPRAS EN EL EQUIPO AUXCOMPRAS PARA EVITAR QUE ESTO VOLVIERA A SUCEDER, DEBIDO A  QUE LAS SALIDAS SE REALIZARON DESDE ESE EQUIPO EN EL CUAL SE ENCONTRABA INSTALADO A LA VERSIÓN ANTERIOR, QUE SOLO CONSULTA A UNA SOLA BASE DE DATOS, ESTO ACTUALIZO EL CONSECUTIVO DE NÚMERO DE SALIDAS A # 2031.\nLOS CAMBIOS REALIZADOS FUERON VERIFICADOS POR PARTE DEL USUARIO JEFE DE COMPRAS Y ALMACÉN.\n\n Se Finalizó : 02/03/2018', '01/03/2018', '02/03/2018', 'SE REALIZARON LOS CAMBIOS NECESARIOS PARA CORREGIR LOS NÚMEROS CONSECUTIVOS DE LAS SALIDAS, SE INSTALÓ  LA NUEVA VERSIÓN DEL MÓDULO DE SOLICITUDES DE COMPRAS EN EL EQUIPO AUXCOMPRAS PARA EVITAR QUE ESTO VOLVIERA A SUCEDER, DEBIDO A  QUE LAS SALIDAS SE REALIZARON DESDE ESE EQUIPO EN EL CUAL SE ENCONTRABA INSTALADO A LA VERSIÓN ANTERIOR, QUE SOLO CONSULTA A UNA SOLA BASE DE DATOS, ESTO ACTUALIZO EL CONSECUTIVO DE NÚMERO DE SALIDAS A # 2031.\nLOS CAMBIOS REALIZADOS FUERON VERIFICADOS POR PARTE DEL USUARIO JEFE DE COMPRAS Y ALMACÉN.\n', 3, 3),
(65, 'Solicitud : SE SOLICITA INFORMACION SOBRE EL ERROR DE SOBREESCRIBIR LAS SALIDAS VOLVIO A SOBREESCRIBIR LA SALIDA 2024. Y ESTA SIGUIENDO ESTE CONSECUTIVO. \n Solucion : SE REALIZARON LOS CAMBIOS NECESARIOS PARA CORREGIR LOS NÚMEROS CONSECUTIVOS DE LAS SALIDAS, SE INSTALÓ  LA NUEVA VERSIÓN DEL MÓDULO DE SOLICITUDES DE COMPRAS EN EL EQUIPO AUXCOMPRAS PARA EVITAR QUE ESTO VOLVIERA A SUCEDER, DEBIDO A  QUE LAS SALIDAS SE REALIZARON DESDE ESE EQUIPO EN EL CUAL SE ENCONTRABA INSTALADO A LA VERSIÓN ANTERIOR, QUE SOLO CONSULTA A UNA SOLA BASE DE DATOS, ESTO ACTUALIZO EL CONSECUTIVO DE NÚMERO DE SALIDAS A # 2031.\nLOS CAMBIOS REALIZADOS FUERON VERIFICADOS POR PARTE DEL USUARIO JEFE DE COMPRAS Y ALMACÉN.\n\n Se Finalizó : 02/03/2018', '01/03/2018', '02/03/2018', 'SE REALIZARON LOS CAMBIOS NECESARIOS PARA CORREGIR LOS NÚMEROS CONSECUTIVOS DE LAS SALIDAS, SE INSTALÓ  LA NUEVA VERSIÓN DEL MÓDULO DE SOLICITUDES DE COMPRAS EN EL EQUIPO AUXCOMPRAS PARA EVITAR QUE ESTO VOLVIERA A SUCEDER, DEBIDO A  QUE LAS SALIDAS SE REALIZARON DESDE ESE EQUIPO EN EL CUAL SE ENCONTRABA INSTALADO A LA VERSIÓN ANTERIOR, QUE SOLO CONSULTA A UNA SOLA BASE DE DATOS, ESTO ACTUALIZO EL CONSECUTIVO DE NÚMERO DE SALIDAS A # 2031.\nLOS CAMBIOS REALIZADOS FUERON VERIFICADOS POR PARTE DEL USUARIO JEFE DE COMPRAS Y ALMACÉN.\n', 3, 3),
(66, 'Solicitud : CAMBIAR CLABLE A SUPERVISOR DE MINAS.\n Solucion : SE MODIFICÓ Y VERIFICO LA CLAVE DE ACCESO, AL SISTEMA SOLICITUDES DE COMPRAS, PARA EL USUARIO: SUPERVISOR DE MINAS\n Se Finalizó : 12/03/2018', '12/03/2018', '12/03/2018', 'SE MODIFICÓ Y VERIFICO LA CLAVE DE ACCESO, AL SISTEMA SOLICITUDES DE COMPRAS, PARA EL USUARIO: SUPERVISOR DE MINAS', 3, 3),
(67, 'Solicitud : SE SOLICITA LA COLABORACION\nPARA DESCARGAR UNA COPIA DE SEGURIDAD\nDE LA BASE D EATOS PROVEEDORES\n Solucion : SE HIZO UNA COPIA DE LA BASE \nDE DATOS PROVEEDORES \nY SE HACE ENTREGA \nAL ASESOR DE SISTEMAS \nEN UNA MEMORIA EXTRAÍBLE\n Se Finalizó : 14/03/2018', '14/03/2018', '14/03/2018', 'SE HIZO UNA COPIA DE LA BASE \nDE DATOS PROVEEDORES \nY SE HACE ENTREGA \nAL ASESOR DE SISTEMAS \nEN UNA MEMORIA EXTRAÍBLE', 3, 10),
(68, 'Solicitud : BUENOS DIAS \n\nLA PRESENTE ES PARA INFORMAR QUE EL MODULO DE COMPRAS NO ESTA FUNCIONANDO CORRECTAMENTE FAVOR REVISAR\n\nGRACIAS\n Solucion : SE SOLUCIONÓ EL INCONVENIENTE DE EJECUCIÓN DEL PROGRAMA DE COMPRAS, SE AGRADECE POR FAVOR INGRESAR Y VERIFICAR EL FUNCIONAMIENTO E INFORMARME. \n Se Finalizó : 15/03/2018', '15/03/2018', '15/03/2018', 'SE SOLUCIONÓ EL INCONVENIENTE DE EJECUCIÓN DEL PROGRAMA DE COMPRAS, SE AGRADECE POR FAVOR INGRESAR Y VERIFICAR EL FUNCIONAMIENTO E INFORMARME. ', 3, 28),
(69, 'Solicitud : REVISAR EN EL AREA DEL LABORATORIO Y MANTENIMIENTO YA QUE EL MODULO DE COMPRAS NO FUNCIONA\n Solucion : SE VERIFICO EL FUNCIONAMIENTO DEL MÓDULO DE COMPRAS EN LOS EQUIPOS DE LABORATORIO Y MANTENIMIENTO Y PROYECTOS.\nNO SE ENCONTRÓ  INCONVENIENTE.\nSU EJECUCIÓN FUE VERIFICADA POR AMBOS USUARIOS.\nSE ESTARÁ ATENTO POR SI  SE VUELVE A PRESENTAR ESTE SUCESO.\n\n Se Finalizó : 23/03/2018', '22/03/2018', '23/03/2018', 'SE VERIFICO EL FUNCIONAMIENTO DEL MÓDULO DE COMPRAS EN LOS EQUIPOS DE LABORATORIO Y MANTENIMIENTO Y PROYECTOS.\nNO SE ENCONTRÓ  INCONVENIENTE.\nSU EJECUCIÓN FUE VERIFICADA POR AMBOS USUARIOS.\nSE ESTARÁ ATENTO POR SI  SE VUELVE A PRESENTAR ESTE SUCESO.\n', 3, 3),
(70, 'Solicitud : SOLICITO LA INSTALACION DEL MODULO DE SOLICITUDES DE COMPRAS\n Solucion : SE INSTALARON TODOS LOS COMPONENTES NECESARIOS PARA EJECUCIÓN DEL MODULO DE SOLICITUDES DE COMPRAS\n Se Finalizó : 23/03/2018', '23/03/2018', '23/03/2018', 'SE INSTALARON TODOS LOS COMPONENTES NECESARIOS PARA EJECUCIÓN DEL MODULO DE SOLICITUDES DE COMPRAS', 3, 20),
(71, 'Solicitud : SE SOLICITA EL CAMBIO DE ESTADO DEL PEDIDO 471 PARA EL PRODUCTO MANDRIL 3/4 * J3 A COMPRADO YA QUE POR ERRO SE CAMBIO A ENTREGADO.\n\n Solucion : SE MODIFICÓ EL ESTADO DEL ÍTEM # 1 CORRESPONDIENTE AL DE PEDIDO # 471.\nSE PUEDE REVISAR Y VERIFICAR QUE LA CORRECCIÓN FUE CORRECTA.\n\n Se Finalizó : 24/03/2018', '24/03/2018', '24/03/2018', 'SE MODIFICÓ EL ESTADO DEL ÍTEM # 1 CORRESPONDIENTE AL DE PEDIDO # 471.\nSE PUEDE REVISAR Y VERIFICAR QUE LA CORRECCIÓN FUE CORRECTA.\n', 3, 3),
(72, 'Solicitud : BUENA TARDE!\n\nJORGE POR FAVOR REVISAR EL DOCUMENTO MANUAL DE COMPRAS QUE RELACIONA EL MODULO QUE TIENE UNA CODIFICACION DIFERENTE. GRACIAS! \n Solucion : SE RENVIÓ EL MANUAL DEL MÓDULO SOLICITUDES DE COMPRAS\n Se Finalizó : 02/04/2018', '28/03/2018', '02/04/2018', 'SE RENVIÓ EL MANUAL DEL MÓDULO SOLICITUDES DE COMPRAS', 3, 6),
(73, 'Solicitud : SE SOLICITA EL ARCHIVO ADJUNTO EN LIMPIO PARA ANEXAR EN EL LIBRO DE CALIDAD\n Solucion : SE HACE ENVIÓ DE LO SOLICITADO\n Se Finalizó : 05/04/2018', '05/04/2018', '05/04/2018', 'SE HACE ENVIÓ DE LO SOLICITADO', 3, 3),
(74, 'Solicitud : SE SOLICITA QUE AL MODULO DE COMPRAS PARA TODOS LOS USUARIOS SEA ACTUALIZADO SEGUN LAS CORRECCION HECHAS POR CALIDAD. EN TODOS LOS MODULOS DEBE ESTAR IGUAL.\n Solucion : LOS MANUALES DE USUARIO Y EJECUTABLE CORRESPONDIENTES AL MÓDULO DE SOLICITUDES DE COMPRAS FUERON ACTUALIZADOS PARA TODOS LOS USUARIOS SEGÚN LAS CORRECCIONES HECHAS POR CALIDAD.\n Se Finalizó : 06/04/2018', '05/04/2018', '06/04/2018', 'LOS MANUALES DE USUARIO Y EJECUTABLE CORRESPONDIENTES AL MÓDULO DE SOLICITUDES DE COMPRAS FUERON ACTUALIZADOS PARA TODOS LOS USUARIOS SEGÚN LAS CORRECCIONES HECHAS POR CALIDAD.', 3, 3),
(75, 'Solicitud : SE SOLICITA EL CAMBIO DEL MODULO. PARA EL AREA DE COMPRA Y AUX DE COMPRAS \n Solucion : SE CAMBIÓ EL EJECUTABLE DEL MÓDULO DE COMPRAS, EN LOS EQUIPOS DE LA OFICINA DE COMPRAS.\nSE ESTARÁ ATARA ATENTO PARA CUANDO EL CAMBIO SE PUEDA, REALIZAR PARA EL RESTO DE LOS USUARIOS.\n\n Se Finalizó : 11/04/2018', '11/04/2018', '11/04/2018', 'SE CAMBIÓ EL EJECUTABLE DEL MÓDULO DE COMPRAS, EN LOS EQUIPOS DE LA OFICINA DE COMPRAS.\nSE ESTARÁ ATARA ATENTO PARA CUANDO EL CAMBIO SE PUEDA, REALIZAR PARA EL RESTO DE LOS USUARIOS.\n', 3, 3),
(76, 'Solicitud : BUENOS DIAS\n\nJORGE IVAN  SE SOLICITA ESTUDIO Y ANALIZAS PARA MEJORAR EL MANEJO DE INFORMACION EN EL SUBPROCESO DEL LABORATORIO\n Solucion : SE ESTA TRBAJANDO\nEN ESTA SOLICITUD', '11/04/2018', '16/04/2018', 'SE ESTA TRBAJANDO\nEN ESTA SOLICITUD', 2, 22),
(77, 'Solicitud : SE SOLICITA APOYO YA QUE SE REGSITRO UN PEDIDO LARGO. PERO NO ME HABILITA EL BOTON DE ENVIAR.\n\n Solucion : RESPONDIENDO A ESTA SOLICITUD ESTE INCONVENIENTE SE PUDO PRODUCIR DEBIDO A QUE LA TAREA DE INSERCIÓN DE DATOS, PUDO HABER SOBREPASADO EL LÍMITE DE TIEMPO DE CONEXIÓN PARA LA MISMA O EXCEDIÓ EL LÍMITE DE REGISTROS PERMITIDOS POR INSERCIÓN.\n\nDE IGUAL MANERA SE ESTARÁ ATENTO A ESTA SITUACIÓN.\n\n Se Finalizó : 12/04/2018', '12/04/2018', '12/04/2018', 'RESPONDIENDO A ESTA SOLICITUD ESTE INCONVENIENTE SE PUDO PRODUCIR DEBIDO A QUE LA TAREA DE INSERCIÓN DE DATOS, PUDO HABER SOBREPASADO EL LÍMITE DE TIEMPO DE CONEXIÓN PARA LA MISMA O EXCEDIÓ EL LÍMITE DE REGISTROS PERMITIDOS POR INSERCIÓN.\n\nDE IGUAL MANERA SE ESTARÁ ATENTO A ESTA SITUACIÓN.\n', 3, 3),
(78, 'Solicitud : SE SOLICITA REVISAR EL MODULO DE COMPRAS. SE ESTA INGRESANDO UN PEDIDO Y NO DEJA DIGITAR EL NOMBRE DEL PRODUCTO SOLO PERMITE ESCRIBIR UNA LETRA.\n\n Solucion : SE REMPLAZÓ  EL EJECUTABLE DE EL MODULO SOLICITUDES DE COMPRAS.\n Se Finalizó : 14/04/2018', '13/04/2018', '14/04/2018', 'SE REMPLAZÓ  EL EJECUTABLE DE EL MODULO SOLICITUDES DE COMPRAS.', 3, 19),
(79, 'Solicitud : BUENAS TARDES\n\nEL MOTIVO DE MI SOLICITUD, ES PARA PEDIRLE EL FAVOR DE QUE ME AGREGUE EL RESTO DE PEDIDOS EN LA BASE DE DATOS DE COMPRAS, QUE SOLO ME SALE HASTA EL PEDIDO 072.\n\nGRACIAS,\n\nATT: EDNA MAYERLY\nASISTENTE DE COMPRAS\n Solucion : SE ATENDIÓ A ESTA SOLICITUD\nSE EXPLICO A LA SEÑORITA EDNA MAYERLYASISTENTE DE COMPRAS\nCOMO CONSULTAR LAS SOLICITUDES PENDIENTES.\n\n Se Finalizó : 19/04/2018', '19/04/2018', '19/04/2018', 'SE ATENDIÓ A ESTA SOLICITUD\nSE EXPLICO A LA SEÑORITA EDNA MAYERLYASISTENTE DE COMPRAS\nCOMO CONSULTAR LAS SOLICITUDES PENDIENTES.\n', 3, 3),
(80, 'Solicitud : HOLA JORGE BUENOS DIAS\n\nES PARA SOLICITARLE SI ME PUEDE AYUDAR CON EL PROGRAMA SOLICITUDES DE COMPRAS POR FAVOR.\n\nATT: EDNA VALDERRAMA \nASISTENTE DE COMPRAS\n Solucion : SE ATENDIÓ LA SOLICITUD DE LA APRENDIZ  EDNA VALDERRAMA, EL INCOVENIENTE SE PRESENTA DEBIDO A QUE EL EQUIPO TARDA DEMACIADO EN COMUNICARCE CON EL SERVIDOR, EN EL MOMENTO DE CONSULTAR EN LA BASE DE DATOS DE COMPRAS, LA CONECXION SE BLOQUEA, SE BUSCARA UNA SOLUCION A ESTE ICONVENIENTE EL CUAL SE PESENTA SOLO CON ESTE EQUIPO PORTATIL, SE LE SUGIRIÓ A LA APRENDIZ QUE CUANDO SE NESECITARA TRABAJAR EN EL MODULO DE SOLICITUDES DE COMPRAS, LO HICIERA EN EL EQUIO DE ESCRITORIO DE AUXCOPRAS.\n Se Finalizó : 28/04/2018', '27/04/2018', '28/04/2018', 'SE ATENDIÓ LA SOLICITUD DE LA APRENDIZ  EDNA VALDERRAMA, EL INCOVENIENTE SE PRESENTA DEBIDO A QUE EL EQUIPO TARDA DEMACIADO EN COMUNICARCE CON EL SERVIDOR, EN EL MOMENTO DE CONSULTAR EN LA BASE DE DATOS DE COMPRAS, LA CONECXION SE BLOQUEA, SE BUSCARA UNA SOLUCION A ESTE ICONVENIENTE EL CUAL SE PESENTA SOLO CON ESTE EQUIPO PORTATIL, SE LE SUGIRIÓ A LA APRENDIZ QUE CUANDO SE NESECITARA TRABAJAR EN EL MODULO DE SOLICITUDES DE COMPRAS, LO HICIERA EN EL EQUIO DE ESCRITORIO DE AUXCOPRAS.', 3, 3),
(81, 'Solicitud : CORRECCION DE LA SALIDA # 2256 ITEM 19 LA CANTIDAD ENTREGADA ES DE 3000\n Solucion : SE MODIFICÓ LA CANTIDAD ENTREGADA CORRESPONDIENTE A LA SALIDA # 2256,  YA SE PUEDE REVISAR E IMPRIMIR.\nSE AGRADECE INFORME SI ES CORRECTA LA MODIFICACIÓN.\n\n Se Finalizó : 03/05/2018', '03/05/2018', '03/05/2018', 'SE MODIFICÓ LA CANTIDAD ENTREGADA CORRESPONDIENTE A LA SALIDA # 2256,  YA SE PUEDE REVISAR E IMPRIMIR.\nSE AGRADECE INFORME SI ES CORRECTA LA MODIFICACIÓN.\n', 3, 3),
(82, 'Solicitud : SE SOLCIITA REALIZAR MODIFICACION ASI COMO SE PUEDE HACER DEVOLUCION, SE PUEDA REALIZAR INCREMENTO O MODIFICACION DE LA CANTIDAD ENTREGADA.\n Solucion : \n Se Finalizó : 07/05/2018', '03/05/2018', '07/05/2018', '', 3, 3),
(83, 'Solicitud : CAMBIO DE CLAVE DE USUARIO JEFE DE BODEGA A LA SIGUIENTE CLAVE 1234\n Solucion : COMO SE SOLICITO SE MODIFICO LA CLAVE DE ACCESO CORRESPONDIENTE AL USUARIO JEFE DE PRODUCTO TERNADO.\n Se Finalizó : 07/05/2018', '07/05/2018', '07/05/2018', 'COMO SE SOLICITO SE MODIFICO LA CLAVE DE ACCESO CORRESPONDIENTE AL USUARIO JEFE DE PRODUCTO TERNADO.', 3, 3);
INSERT INTO `peticiones_analisis` (`id`, `peticion`, `fecha_ini`, `fecha_fin`, `solucion`, `estado`, `usuario_id`) VALUES
(84, 'Solicitud : POR FAVOR REVISAR EL PEDIDO 539 YA QUE HABIAN 4 O 5 ITEM PENDIENTES Y AHORA NO APARECE ENTRE LOS PEDIDOS PENDIENTES.\n Solucion : SE REVISÓ EN LA BASE DE DATOS ACTUAL (COMPRAS2018) Y SE COMPARÓ CON LA COPIA DE SEGURIDAD  QUE SE REALIZA DESDE E L PROGRAMA CUANDO SE INICIA SESIÓN IDENTIFICADO CON EL USUARIO (JEFE DE COMPRAS Y ALMACÉN) LOS ÍTEMS DEL PEDIDO # 539 ERAN LOS MISMOS EN SU TOTALIDAD 36 ÍTEMS.\n\nPARA DESCARTAR POSIBLE ERROR DE BORRADO SE VERIFICO LA TABLA DONDE QUEDAN REGISTRADAS LAS SALIDAS DE ALMACÉN Y NO CE ENCONTRÓ ALGÚN DATO FALTANTE.\n\nSE PODRÍA TRATAR DE UN ERROR ALMO NETO DEL EXPORTAR A EXCEL LAS SOLICITUDES PENDIENTES SE REVISÓ EL CÓDIGO DE NUEVO Y NO SE ARROGO PROBLEMAS.\n\nSE ESTARÁ ATENTO DE ESTE INCONVENIENTE Y SI SE VOLVIESE A PRESENTAR.\n\nLOS ÍTEMS QUE NO SE ENCUENTRAN REGISTRADOS SE PODRÍAN AGREGAR DIRECTAMENTE DESDE EL PROGRAMA.\n\n Se Finalizó : 09/05/2018', '09/05/2018', '09/05/2018', 'SE REVISÓ EN LA BASE DE DATOS ACTUAL (COMPRAS2018) Y SE COMPARÓ CON LA COPIA DE SEGURIDAD  QUE SE REALIZA DESDE E L PROGRAMA CUANDO SE INICIA SESIÓN IDENTIFICADO CON EL USUARIO (JEFE DE COMPRAS Y ALMACÉN) LOS ÍTEMS DEL PEDIDO # 539 ERAN LOS MISMOS EN SU TOTALIDAD 36 ÍTEMS.\n\nPARA DESCARTAR POSIBLE ERROR DE BORRADO SE VERIFICO LA TABLA DONDE QUEDAN REGISTRADAS LAS SALIDAS DE ALMACÉN Y NO CE ENCONTRÓ ALGÚN DATO FALTANTE.\n\nSE PODRÍA TRATAR DE UN ERROR ALMO NETO DEL EXPORTAR A EXCEL LAS SOLICITUDES PENDIENTES SE REVISÓ EL CÓDIGO DE NUEVO Y NO SE ARROGO PROBLEMAS.\n\nSE ESTARÁ ATENTO DE ESTE INCONVENIENTE Y SI SE VOLVIESE A PRESENTAR.\n\nLOS ÍTEMS QUE NO SE ENCUENTRAN REGISTRADOS SE PODRÍAN AGREGAR DIRECTAMENTE DESDE EL PROGRAMA.\n', 3, 3),
(85, 'Solicitud : HOLA JORGE BUENOS DIAS.\n\nES PARA PEDIRLE EL FAVOR SI PUEDE BAJAR A COMPRAS, LO MAS PRONTO POSIBLE PARA QUE ME ACTUALICE LO DE SOLICITUD DE COMPRAS EN LA COMPUTADORA QUE INSTALE.\n\nGRACIAS.\n Solucion : SE INSTALARON TODOS LOS ARCHIVOS NECESARIOS PARA EL FUNCIONAMIENTO DE LOS SISTEMAS DE SOLICITUDES DE COMPRAS Y PROVEEDORES EN EL PC QUE FUE ACONDICIONADO EN LA OFICINA DE COMPRAS PARA EL USO DEL APRENDIZ SENA EDNA VALDERRAMA\n Se Finalizó : 09/05/2018', '09/05/2018', '09/05/2018', 'SE INSTALARON TODOS LOS ARCHIVOS NECESARIOS PARA EL FUNCIONAMIENTO DE LOS SISTEMAS DE SOLICITUDES DE COMPRAS Y PROVEEDORES EN EL PC QUE FUE ACONDICIONADO EN LA OFICINA DE COMPRAS PARA EL USO DEL APRENDIZ SENA EDNA VALDERRAMA', 3, 3),
(86, 'Solicitud : EL SIITP NO ESTA REGISTRANDO LAS SOLCIITUDES EN EL MODULO DE SOLICVITUDES SOPORTE INFORMATICA. GRACIAS \n Solucion : REVISAR POR FAVOR SI YA EL MÓDULO DE SOLICITUDES DE SOPORTE\n Se Finalizó : 09/05/2018', '09/05/2018', '09/05/2018', 'REVISAR POR FAVOR SI YA EL MÓDULO DE SOLICITUDES DE SOPORTE', 3, 11),
(87, 'Solicitud : HOLA JORGE BUENOS DIAS\n\nES PARA VER SI BAJA APENAS LLEGUE Y ME AYUDA CON LOS PROVEEDORES QUE NO ME QUIEREN ABRIR LOS DOCUMENTOS.. \n\nGRACIAS.\n Solucion : \n Se Finalizó : 10/05/2018', '10/05/2018', '10/05/2018', '', 3, 3),
(88, 'Solicitud : MODIFICAR CLAVE Y USUARIO DE  JEFE DE PRODUCTO TERMINADO \n Solucion : SE REALIZÓ EL CAMBIO DE  CLAVE DE ACCESO AL SISTEMA SOLICITUDES DE COMPRAS \nCORRESPONDIENTE AL USUARIO JEFE DE PRODUCTO TERMINADO.\n\n Se Finalizó : 15/05/2018', '15/05/2018', '15/05/2018', 'SE REALIZÓ EL CAMBIO DE  CLAVE DE ACCESO AL SISTEMA SOLICITUDES DE COMPRAS \nCORRESPONDIENTE AL USUARIO JEFE DE PRODUCTO TERMINADO.\n', 3, 3),
(89, 'Solicitud : REVISAR EL PROGRAMA DE AUTORIZACION DE SALIDA DE PLANTA NO ESTA ABRIENDO E INSTALARLO EN EL COMPUTADOR DE APRENDIZ SENA. \n Solucion : SE INSTALARON TODOS LOS COMPONENTES NECESARIOS, PARA QUE EL PROGRAMA DE SALIDA DE PLANTA, SE EJECUTE EN EL EQUIPO DE TRABAJO DEL APRENDIZ SENA.\n Se Finalizó : 25/05/2018', '25/05/2018', '25/05/2018', 'SE INSTALARON TODOS LOS COMPONENTES NECESARIOS, PARA QUE EL PROGRAMA DE SALIDA DE PLANTA, SE EJECUTE EN EL EQUIPO DE TRABAJO DEL APRENDIZ SENA.', 3, 3),
(90, 'Solicitud : BUENOS DIAS. FAVOR INCLUIR EL NOMBRE Y CARGO DEL NUEVO JEFE DE BODEGA. PARA LA FIRMA DE OUTLOOK. CUADRAR CON MARIA ESPERANZA . GRACIAS\n Solucion : LA FIRMA DE CORREO CORPORATIVO CORRESPONDIENTE, AL CARGO DE  JEFE DE BODEGA Y PRODUCTO TERMINADO, YA FUE ENVIADA POR PARTE DE LA ASISTENTE DE DISEÑO Y FUE APLICADA.\n Se Finalizó : 25/05/2018', '25/05/2018', '25/05/2018', 'LA FIRMA DE CORREO CORPORATIVO CORRESPONDIENTE, AL CARGO DE  JEFE DE BODEGA Y PRODUCTO TERMINADO, YA FUE ENVIADA POR PARTE DE LA ASISTENTE DE DISEÑO Y FUE APLICADA.', 3, 11),
(91, 'Solicitud : JORGE IVA, BUENAS TRADES. DE ACUERDO A NUESTRA CNVERSACION, FAVOR INCLUIS EN EL MODULO DE COMPRAS, UNA CASILLA QUE ME PERMITTA INCLUIR LAS OBSERVACIONES  Y QUE TENGA UNA OPCION QUE SEA "RETENIDO"\n Solucion : SE APLICARON LAS MODIFICACIONES QUE SE SOLICITARON PARA EL MÓDULO DE SOLICITUDES DE COMPRAS.\nAGREGANDO AL ESTADO DE APROBACIÓN LA OPCIÓN RETENIDO, ESTO PARA EL USUARIO JEFE ADMINISTRATIVA Y FINANCIERA.\nPARA EL USUARIO JEFE DE COMPRAS Y ALMACÉN SE AGREGÓ UNA FUNCIÓN, PARA INFORMAR POR CORREO ELECTRÓNICO QUE LA INQUIETUD POR LA CUAL EL PRODUCTO NO FUE APROBADO SE ENCUENTRE SOLUCIONADA.\n\n Se Finalizó : 01/06/2018', '31/05/2018', '01/06/2018', 'SE APLICARON LAS MODIFICACIONES QUE SE SOLICITARON PARA EL MÓDULO DE SOLICITUDES DE COMPRAS.\nAGREGANDO AL ESTADO DE APROBACIÓN LA OPCIÓN RETENIDO, ESTO PARA EL USUARIO JEFE ADMINISTRATIVA Y FINANCIERA.\nPARA EL USUARIO JEFE DE COMPRAS Y ALMACÉN SE AGREGÓ UNA FUNCIÓN, PARA INFORMAR POR CORREO ELECTRÓNICO QUE LA INQUIETUD POR LA CUAL EL PRODUCTO NO FUE APROBADO SE ENCUENTRE SOLUCIONADA.\n', 3, 11),
(92, 'Solicitud : HOLA JORGE BUENOS DIAS \n\nEL MOTIVO DE LA SOLICITUD ES PARA PEDIRLE EL FAVOR Y BAJE A COMPRAS, PARA QUE NOS RECIBE LAS AUTORIZACIONES DE SALIDAS DE COMPRAS.\n\nATT: ASISTENTE DE COMPRAS \n\n Solucion : SE REVISARON LAS AUTORIZACIONES DE SALIDAS DE COMPRAS Y SE MODIFICÓ LA CONSULTA A LA BASE DE DATOS QUE LISTABA LOS REGISTROS\n Se Finalizó : 01/06/2018', '01/06/2018', '01/06/2018', 'SE REVISARON LAS AUTORIZACIONES DE SALIDAS DE COMPRAS Y SE MODIFICÓ LA CONSULTA A LA BASE DE DATOS QUE LISTABA LOS REGISTROS', 3, 3),
(93, 'Solicitud : HOLA JORGE BUENOS DIAS \n\nES PARA PEDIRLE EL FAVOR Y NOS RECIBECE LAS SALIDAS DE COMPRAS QUE NO ME DEJA EDITARLAS.\n\nATT: ASISTENTE DE COMPRAS \n Solucion : SOLICITUD FINALIZADA\n Se Finalizó : 02/06/2018', '02/06/2018', '02/06/2018', 'SOLICITUD FINALIZADA', 3, 3);

-- --------------------------------------------------------

--
-- Estructura de tabla para la tabla `peticiones_soporte`
--

CREATE TABLE IF NOT EXISTS `peticiones_soporte` (
`id` int(11) NOT NULL,
  `peticion` varchar(2000) NOT NULL,
  `fecha_ini` varchar(45) NOT NULL,
  `fecha_fin` varchar(45) NOT NULL,
  `solucion` varchar(2000) NOT NULL,
  `estado` tinyint(1) NOT NULL,
  `usuario_id` int(11) NOT NULL
) ENGINE=InnoDB  DEFAULT CHARSET=utf8 AUTO_INCREMENT=403 ;

--
-- Volcado de datos para la tabla `peticiones_soporte`
--

INSERT INTO `peticiones_soporte` (`id`, `peticion`, `fecha_ini`, `fecha_fin`, `solucion`, `estado`, `usuario_id`) VALUES
(1, 'BUEN DIA.  SOLICITO SE  REVISE LA CONECCION DE LAS CAMARAS DE SEGURIDAD EN MI PC. NO ME DEJA VER Y DICE QUE NO ESTOY CONECTADA. ES URGENTE. TENEMOS AUDITORIA DE BASC MA;ANA.\nGRACIAS,', '17/03/2016', '17/03/2016', 'SE CONFIGURA LA IP Y SE REVISA EN EL EQUIPO DE GERENTE ADMINISTRATIVO Y QUEDA TRABAJANDO OK\n', 0, 11),
(2, 'BUENAS TARDES, \n\nEL DIA DE HOY, NO HE PODIDO IMPRIMIR EN LA HP8600, MUESTRA EL SIGUIENTE MENSAJE\n\nERROR AL INICIAR EL TRABAJO DE IMPRESION. PARA COMPROBAR LA CONFIGURACION DE LA IMPRESORA, HAGA DOBLE CLIC EN EL ICONO IMPRESORAS DEL PANEL DE CONTROL DE WINSOWS', '18/03/2016', '28/03/2016', 'SE REINTALA EL DRIVER Y SE DEJA CONFIGURADA Y TRABAJANDO NUEVAMENTE', 0, 9),
(3, 'LA PRESENTE ES PARA SOLICITAR EL TRASLADO DEL COMPUTADOR DE NOMINA PARA LA  RECEPCION, CON HABILITACION DE PUNTO DE RED Y DE SIIGO', '18/03/2016', '28/03/2016', 'SE REALIZA EL TRANSLADO AL AREA DE RECEPCION SE DEJA TRABAJANDO TODO', 0, 9),
(4, 'NO ESTA FUNCIONANDO LA CONECCION EN RED DE LA IMPRESORA', '18/03/2016', '18/03/2016', 'SE VUELVE A REINSTALAR LA IMPRESORA SE DEJA PROBADO', 0, 11),
(5, 'INSTALACION IMPRESORA PDF PARA BAJAR CERTIFICADOS DE RETNCION EN LA FUENTE Y HACER MAS FACIL EL ENVIO D LAS MISMAS', '19/03/2016', '19/03/2016', 'SE INSTALA LA IMPRESORA PDF SE DEJA PROBADO', 0, 12),
(6, 'BUENOS DIAS EDWARD\n\nAGRADEZCO CREAR CORREO CORPORATIVO COMPARTIDO PARA LOS ARQUITECTOS MARIA ESPERANZA RAMIREZ Y JUAN JOSE QUINTERO, QUIENES HACEN PARTE DE NUESTRO DEPARTAMENTO COMERCIAL.\n\nGRACIAS\n\nNORALBA', '19/03/2016', '01/04/2016', 'SE CREA CORREO ARQUITECTOS@PESCADERO.COM.CO', 0, 8),
(7, 'EDWRAD FAVOR CERRAR LAS SOLCITUDES QUE YA ESTAN AL DIA. COMO LA DE MARISOL CON RESPECTO A LA IPRESORA Y LA DE LA CONTADORA SI YA LA EFECTUO. MIL GRACIAS.', '23/03/2016', '29/03/2016', 'OK ', 0, 11),
(8, 'BUENAS TRADES. NUEVAMENTE ME ENCUENTRO SIN CONEXION A LA IMPROESORA. FAVOR ARREGLAR DEFINITIVAMENTE.', '28/03/2016', '29/03/2016', 'SE HACE CAMBIO DEL DRIVER DE LA IMPRESORA HP 8600 PLUS ', 0, 11),
(9, 'BUENOS DIAS, NECESITO OBSERVAR LAS HORAS HOMBRE DEL PERSONAL DE PRODUCCIÓN, ESTO LO PIENSO HACER POR EL HUELLERO, LLAME A LA STA MARISOL PERO ME INFORMA QUE ELLA NO SABE SI EL COMPUTADOR DE ELLA SIRVA PARA DESCARGAR ESA INFORMACION EN EXCEL. SOLICITO SU COLABORACIÓN PARA PODER OBTENER DICHOS DATOS. GRACIAS', '29/03/2016', '29/03/2016', 'SE DESCARGA LA INFORMACION DEL HUELLERO EN UN ARCHIVO DE EXCEL SE HACE UNA COPA A UNA USB DEL ARCHIVO InOutData', 0, 17),
(10, 'SE PERDIO CONEXCION CON IMPRESORA DE PUNTO\nPARA IMPRIMIR DESDE SIIGO.', '29/03/2016', '29/03/2016', 'SE REINSTALA LA IMPRESORA FX-890 Y SE HABILITA EL COMPARTIDO PARA QUE LA IMPRESORA DE SIIGO VUELVA A RECONOCER LA RUTA', 0, 7),
(11, 'CORDIAL SALUDO:\nLA PRESENTE ES CON EL FIN DE SOLICITARLE SEA     ACTIVADO ESTE EQUIPO A LA RED DE IMPRESORAS   YA QUE NO PUEDO IMPRIMIR NINGÚN DOCUMENTO   DESDE ESTE EQUIPO.\nSE LE AGRÁDESE LA ATENCIÓN PRESTADA A DICHA   SOLICITUD.\n     ', '30/03/2016', '30/03/2016', 'SE LE DEJA CONFIGURADA LA IMPRESORA DE ADRIANA SERRANO LA EPSON', 0, 20),
(12, 'BUENOS DIAS\n\nLA PRESENTE ES PARA SOLICITAR REVISION DEL \nEQUIPO PUESTO QUE NO SE CONECTA A NINGUNA \nRED, POR ESTA RAZON NO ME PERMITE INGRESAR A\nSIIGO\nAGRADEZCO SU COLABORACION YA QUE ESTAMOS ENCIERRE DE FIN DE MES Y NECESITO ELABORAR \nINFORMES.\nGRACIAS', '31/03/2016', '31/03/2016', 'SE ASIGNA LA LETRA DE LA UNIDAD F A LA CARPETA DE SIIGO YA QUE EL WINDOWS SE LA ASIGNO POR DEFECTO A UNA UNIDAD EXTRAIBLE', 0, 26),
(13, 'SOLICITO REVISCIÓN DEL EQUIPO DE NOMINA, EL CUAL SE ENCUENTRA BLOQUEADO Y ADICIONALMENTE NO TIENE CONEXÓN A INTERNET. RESALTO QUE DESDE SU TRASLADO DE PUNTO SE HA BLOQUEADO CON FRECUENCIA.', '31/03/2016', '31/03/2016', 'SE REVISA LAS CONEXIONES DEL EQUIPO Y SE DESCONECTA DE LA REGLETA SE DEJA CONECTADO LA CPU DIRECTAMENTE AL TOMA Y SE REALIZA ADICIONALMENTE LA LIMPIEZA DE REGISTROS Y DE TEMPORALES, SE REALIZA PRUEBAS DE FUNCIONAMIENTO Y NO SE BLOQUEA', 0, 21),
(14, 'SOLICITO CONEXION DE LA IMPRESORA A SIIGO PARA EL EQUIPO DE NOMINA. GRACIAS', '31/03/2016', '31/03/2016', 'SE REVISA LA CONEXION DEL CABLE Y SE CONECTA Y SE REALIZA IMPRESION DE PRUEBA ', 0, 21),
(15, 'SE SOLICITA LA CREACION DEL CORREO CORPORATIVO PARA LA ASISTENTE DE LA DIRECTORA DE PRODUCCION.\n\nGRACIAS ', '31/03/2016', '01/04/2016', 'PETICION:\nSE SOLICITA LA CREACION DEL CORREO CORPORATIVO PARA LA ASISTENTE DE LA DIRECTORA DE PRODUCCION.\n\nSOLUCION \nSE CREA CORREO Y SE DEJA INSTALADO Y CONFIGURADO SE REALIZA CORREO DE PRUEBA', 0, 3),
(16, 'SOLICITO CREAACIÒN DE CORREO ELECTRONICO. GRACIAS!', '01/04/2016', '31/03/2016', 'PETICION CSST\nSOLICITO CREAACIÒN DE CORREO ELECTRONICO. GRACIAS!\n\nSE CREA CORREO Y SE DEJA CONFIGURADO Y PROBADO', 0, 21),
(17, 'EDWARD. TENEMOS INCOMVENIENTES CON LOS MAILS DE COMERCIAL ( NORALBA Y DIANA LUZMAR) NOS LOS ESTA REBOTANDO. DICE  QUE ESTAN LLENOS.', '01/04/2016', '01/04/2016', 'SE VEREIFICA LOS CORREO Y SE HACE DESCARGA DE CORREOS DEL SERVIDOR DE CORREOS', 0, 11),
(18, 'SOLICITO CAMBIO DE BATERIA PARA LA CPU', '01/04/2016', '04/04/2016', 'SE INSTALA BATERIA NUEVA', 0, 28),
(19, 'BUENOS DIAS, INFORMO QUE NO PUEDO RECOBIR CORREOS.. ME SALE ESTE MSJ: ---------------------------------------------------------------------------------\nE-MAIL TO YOUR MAILBOX WAS REJECTED BECAUSE IT WOULD EXCEED ITS QUOTA. A MESSAGE FROM [SMTP:NOMINA@PESCADERO.COM.CO] WAS REJECTED. PLEASE CLEAN YOUR MAILBOX AND ASK THE USER TO RE-SEND.\n\nADICIONALMENTE LE RECUERDO LA FIRMA DEL CORREO', '04/04/2016', '04/04/2016', 'SE VERIFICA LA RECEPCION DE CORREO Y EL PROBLEMA SE ENCUENTRA EN EL CORREO QUIEN ENVIA NO EN EL Q RECIBE', 0, 21),
(20, 'INSTALACION PROGRAMA DE AUTOCAD ', '05/04/2016', '06/04/2016', 'SE INSTALA EL AUTOCAD 2016 EN ESPAÑOL ', 0, 14),
(21, 'PRESTAMO  E INSTALACION DE COMPUTADOR PARA CHARLA VIRTUAL EL DIA JUEVE 07 DE ABRIL A LAS 8 AM PARA CONFIRMAR ASISTENCIA Y TENER LISTO EL COMPUTADOR. ', '05/04/2016', '06/04/2016', 'EL PORTATIL QUE SE PRESTO LA VEZ PASADA YA NO ESTA DISPONIBLE FUE ASIGNADO AL CARGO DE COORDINADORA SST, POR TAL MOTIVO LA SOLICITUD NO PUEDE SER RESUELTA Y EL OTRO PORTATIL DISPONIBLE NO POSEE LOS REQUERIMIENTOS PARA PODER ABRIR LA CHARLA VIRTUAL DEBIDO A SU SISTEMA OPERATIVO ES WINDOWS XP Y LOS EQUIPOS QEU SE ENCUENTRAN A SU LADO. NOC UENTAN CON EL SISTEMA OPERATIVO. ', 0, 6),
(22, 'Favor grabar en camara independiente y tomar fotografias del acceso a porteria de una persona a la 1 y 15 de la madrugada del dia 9 de Marzo. Sirve como evidencia para investigacion. Gracias,\n', '09/04/2016', '09/04/2016', 'SE REALIZA COPIA DE LOS VIDEO EN LA HORA REQUERIDA Y SE CAPTURAN FOTOS ', 0, 11),
(23, 'ACTUALIZAR DATOS DEL CORREO DE AUXILIAR DE\nCOSTOS, PARA QUE LOS CORREOS SALGAN CON MIS DATOS Y NO CON LOS DE OTRA PERSOMA', '11/04/2016', '14/04/2016', 'SE ACTUALIZA NOMBRE Y FIRMA DEL CORREO', 0, 18),
(24, 'BUENOS DIAS, LA CONTADORA NO TIENE RED', '13/04/2016', '13/04/2016', 'SE REVISA LA CONEXIÓN PRESENTA PROBLEMAS DE CONFLICTO DE IP ', 0, 3),
(25, 'CORDIAL SALUDO\n\nSOLICITO POR FAVOR REVISION DE LA IMPRESORA EPSON L210 DE MI PUESTO. GRACIAS.', '13/04/2016', '14/04/2016', 'SE REVISA EL ERROR DE TINTAS Y SE PROCEDE A ELIMINAR EL ERROR PRESIONANDO 3 VECES LA TECLA DE TINTAS', 0, 6),
(26, 'PIDE UNA CONSULTA SI ME PUEDE COLAVORAR \nCON UNA FUNCION ASERCA DE LAS FORMA EN COMO \nPODER VISUALIZAR LAS HORAS DE TRABAJO DE CADA TRABAJADOR EN LOS RESPECTIVOS CENTROS DE\n COSTO PARA EL PROGRAMA DER EGISTRO Y\n CONTROL DE  NOVEDADES DE NOMINA QUE SE ESTA DESARROLLANDO PARA EL AREA DE TALENTO\n HUMANO', '13/04/2016', '13/04/2016', 'SE REVISO CON JORGE EL PROBLEMA Y SE PLANTEA CAMBIAR EL DISEÑO DE LA BD', 0, 1),
(27, 'REVISION DE IMPRESORA DE PUNTO - LAS PALABARA SALEN ENTRECORTADAS.', '13/04/2016', '13/04/2016', 'PRESENTA PROBLEMAS DE LA FUENTE EN LA CONFIGURACION DE SIIGO', 0, 2),
(28, 'RECARGA TINTA IMPRESORA ADMON', '14/04/2016', '14/04/2016', 'SE RECARGAN LOS CARTUCHOS', 0, 7),
(29, 'NO SE ESTA CONECTANDO AL SERVIDOR Y AL\nINICIAR ME ESTA PIDIENDO CONTRASEÑA TANTO EL SERVIDOS COMO CUALQUIER UNIDAD DE RED Y EL CORREO TAMBIEN ME ESTA PIDIENDO CONTRASEÑA', '15/04/2016', '15/04/2016', 'SE ASIGNAN CLAVES AL USUARIO DE RED Y SE VUELVE A INGRESAR LA CONTRASEÑA DEL CORREO ', 0, 18),
(30, 'BUENOS DIAS, SOLICITO REVISIÓN DE MI CORREO CORPORATIVO YA QUE NO DEJA RESIBIR CIERTOS CORREOS, ME LLEGA ESTE MENSAJE : ---------------------------------------------------------------------------------\nE-MAIL TO YOUR MAILBOX WAS REJECTED BECAUSE IT WOULD EXCEED ITS QUOTA. A MESSAGE FROM [SMTP:CALIDAD@PESCADERO.COM.CO] WAS REJECTED. PLEASE CLEAN YOUR MAILBOX AND ASK THE USER TO RE-SEND.\nTRADUCIDO:\nE -MAIL DE SU BUZÓN DE CORREO FUE RECHAZADO PORQUE SERÍA SUPERAR SU CUOTA. UN MENSAJE DE [ SMTP : CALIDAD@PESCADERO.COM.CO ] FUE RECHAZADA . POR FAVOR, LIMPIAR SU BUZÓN DE CORREO Y PEDIR AL USUARIO QUE VUELVA A ENVIAR.\nAGRADEZCO SU COLABORACIÓN.', '16/04/2016', '16/04/2016', 'SE PRESENTA CAMBIO DE LA PLATAFORMA Y LA SALIDA DE SEGURIDAD DE CORREOS LA VALIDACION DE CERTIFICADOS DE CORREO SE HACE LA CONFIGURACION RESPECTIVA Y QUEDA PROBADO', 0, 21),
(31, 'favor revisar el pc de nomina y darle solucuion definitiva. presenta bloqueos frecuentes cuando se manda a imprimir de un pc en red. Igualmente se bloqueapermanentemente.  ', '19/04/2016', '19/04/2016', 'SE REVISA PRESENTA ERRORES DE LENTITUD POR ERRORES DE DISCO DURO SE DEJA EN OBSERVACION', 0, 11),
(32, 'URGENTE. favor revisar el sistema SIITP del area comercial. No coinciden los gargos con las claves. aDICIONALMENTE, PRESENTAN PROBLEMAS CON LA RED DE INTERNET.', '19/04/2016', '19/04/2016', 'SE LE OLVIDA LA CONTRASEÑA A LA PERSONA RESPONSABLE DEL SISTEMA SE LE ASIGNA 2016', 0, 11),
(33, 'CAIDA DE INTERNET EN EQUIPOS DE CONTABILIDAD Y VENTAS', '20/04/2016', '20/04/2016', 'ERRO EN LA RED DE CLARO SE LLAMA A CLARO E INFORMA QUE ES UN DAÑO MASIVO SE HACE TRASLADO TODO LA RED AL MODEN DE MOVISTAR ', 0, 2),
(34, 'PETICION GENERAL, SE REPORTAN FALLA DE INTERNET EN LOS EQUIPOS. GRACIAS', '20/04/2016', '20/04/2016', 'ERRO EN LA RED DE CLARO SE LLAMA A CLARO E INFORMA QUE ES UN DAÑO MASIVO SE HACE TRASLADO TODO LA RED AL MODEN DE MOVISTAR ', 0, 26),
(35, 'NO PUEDO IMPRIMIR DE SIIGO. Y SE SOLICITA FORMATEAR EL EQUIPO DEL APRENDIZ SENA ', '23/04/2016', '23/04/2016', 'EL EQUIPO PRESENTA PROBLEMAS DE CONEXIÓN ', 0, 3),
(36, 'Se solcita revisar que en los puestos nuevos de trabajo tenga instalada la tipografia para comunicaciones internas, mails etc.', '25/04/2016', '25/04/2016', 'SE INSTALA EN LOS EQUIPOS LA FUENTE ASIGNADA PARA EL ENVIÓ DE CORREO', 0, 11),
(37, 'EDWAR BUWN DIA\n\nNO TWNGO RED NI INTERNET', '26/04/2016', '26/04/2016', 'PETICION:\nNO TENGO INTERNET\n\nSE REVISA EL CONTROLADOR DE RED Y SE CAMBIA LA DIRECCION IP DEL EQUIPO', 0, 12),
(38, 'LA ASIISTENTE COMERCIAL NO CUENTA CON RED, NI INTERNET EN LOS EQUIPOS DE MERCADEO Y COMERCIAL . URGENTE', '28/04/2016', '28/04/2016', 'PRESENTA PROBLEMAS CON EL CABLE DE RED SE CAMBIA EL RJ45 Y QUEDO TRABAJANDO', 0, 3),
(39, 'BUENOS DIAS, SOLICITO REVISIÓN DE PANTALLA YA QUE AL DÍA DE HOY PRESENTA UNA LÍNEA VERTICAL, EN OCASIONES DE COLOR FUSIA. ME PREOCUPA POR QUE EL EQUIPO ES NUEVO. GRACIAS!', '29/04/2016', '29/04/2016', 'SE REVISA Y LA PANTALLA PRESENTA DEFECTOS DE FABRICACIÓN SE REALIZA SERVICIO DE GARANTÍA CON DELL ', 0, 21),
(40, 'Buenos dias. Solictamos solucion al pc de auxiliar de nomina. la solcitud aun se encuentra pendiente. Favor agilizar solucion. igualmente requiero saber si ya se solucionó el problema del area comercial para efectuar solcitudes a traves del SITTP\n\nGracias,', '29/04/2016', '29/04/2016', 'SE REVISA NUEVAMENTE EL EQUIPO Y SE SUGIERE UN CAMBIO DE DISCO DURO', 0, 11),
(41, '\nfavor cambiar la pantalla de Paola que se encuentra dañada (con la linea¨por la que tenemos en stock en almacen y que llego con el pc nuevo. con eso ahorramos tiempo. Aprovecho para solicitar su colaboracion en el armado del pc del practicante de compras.\n\nMil gracias,', '29/04/2016', '29/04/2016', 'SE INSTALA LA PANTALLA NUEVA', 0, 11),
(42, 'guardar aparte el video de vigilancia  del dia30 de Abril a las 12:01 a.ma a la 1:00 pm.\n\ngracias,\n', '30/04/2016', '30/04/2016', 'SE REALIZA COPIA DE SEGURIDAD DEL VIDEO EN EL EQUIPO DE GERENTE ADMINISTRATIVO SE DESCARGAN FOTOS Y VIDEO', 0, 11),
(43, 'AGRADEZCO REVISAR LA CONEXION DE LA IMPRESORA DE ADMINISTRACION YA QUE ULTIMAMENTE SE DESCONECTA MUY SEGUIDO Y DIAS COMO HOY, HAY QUE APAGAR EL COMPUTADOR Y LA IMPRESORA CADA VEZ QUE SE IMPRIME UNA HOJA, SALE UN LETRERO QUE DIC:\nEL SOFTWARE DE HP NO PUEDE LOCALIZAR SU IMPRESORA EN LA RED. SIGA LOS SIGUIENTES PASOS PARA RESOLVER ESTA CONDICION DE ERROR. ', '02/05/2016', '02/05/2016', 'SE REVISA LA CONFIGURACIÓN DE LA IMPRESORA Y SE ESTABLECE LA IP FIJA DE LA IMPRESORA SE VUELVE A CONFIGURAR EN LOS EQUIPOS QUE ESTAN CONECTADOS A LA RED DE LA IMPRESORA', 0, 7),
(44, 'Se solicta hablar con la ingeniera cecilia hernandez ya que ella tiene un porgrama de pausas activas que debemos instalar en todos los pcs de la empresa. Favor solcitar el programa e instalarlo en todos los pcs.\n\nGracias', '02/05/2016', '02/05/2016', 'SE LE SOLICITA EL SOFTWARE DE PAUSAS ACTIVAS Y SE INICIA EL PROCESO DE INSTALACIÓN A LOS EQUIPOS DE LA EMPRESA', 0, 11),
(45, 'BUENOS DIAS! NUEVAMENTE LA IMPRESORA DE ADMINISTRACION NO ESTA FUNCINANDO SOLICITO SU COLABORACION. ', '03/05/2016', '03/05/2016', 'PETICION:\nBUENOS DIAS! NUEVAMENTE LA IMPRESORA DE ADMINISTRACION NO ESTA FUNCINANDO SOLICITO SU COLABORACION. \n\nSOLUCION\nSE DEJA CONECTADA DIRECTAMENTE A LA RED SE HACE PRUEBA DESDE LOS EQUIPOS DE TESORERIA,CSST,TALENTO HUMANO GERENCIA,NOMINA\n', 0, 7),
(46, 'CORDIAL SALUDO,\n\nPOR MEDIO DE LA PRESENTE SOLICITO POR FAVOR SE ME REVISE EL CORREO ELECTRÓNICO DEBIDO A QUE SE ME ESTÁ REBOTANDO LOS CORREOS QUE ME ENTRAN. GRACIAS', '05/05/2016', '05/05/2016', 'SE LE CONFIGURA EL SERVIDOR DE SALIDA EN EL OUTLOOK SE DEJA PROBADO LA RECEPCIÓN DE CORREOS', 0, 6),
(47, 'Buenos dias. Favor instalar el office business and home para el pc de CSST. Ya llegó el software', '10/05/2016', '10/05/2016', 'SE INSTALA LA LICENCIA DEL OFFICE Y SE DEJA TRABAJANDO', 0, 11),
(48, 'REVISION MONITOR DE LAS CAMARAS DE PORTERIA ', '11/05/2016', '11/05/2016', 'SE REVISA EL MONITOR Y PRESENTA QUE EL CABLE VGA ESTABA SUELTO', 0, 3),
(49, 'REVISION URGENTE IMPRESORA SUENA COMO SI HICIERA CORTO.', '11/05/2016', '11/05/2016', 'SE REVISA LA IMPRESORA Y SE ENCUENTRA QUE EL SONIDO PROVIENE DE UN TROZO DE PAPEL EN EL VENTILADOR ', 0, 3),
(50, 'BUENOS DIAS \n\nLA IMPRESORA DE AREA COMERCIAL , PRESENTA FALLAS EN IMPRESION EN TINTA NEGRA Y DE COLOR. \n\nEPSON L555\n\nGRACIAS ', '12/05/2016', '12/05/2016', 'LA IMPRESORA NO TIENE TINTA DEBIDO A ESTO SE PRESENTA EL ERROR', 0, 5),
(51, 'URGENTE¡ EN CONTABILIDAD NO HAY INTERNET', '16/05/2016', '16/05/2016', 'PRESENTA CONFLICTO DE IP SE GENERA REPARA LA DIRECCION IP Y QUEDA CON RED Y TRABAJANDO', 0, 3),
(52, 'BUENOS DIAS \n\nEL EQUIPO COMERCIAL , PRESENTA FALLAS DE RED. NO DEJA INGRESAR A CARPETAS  RED.\n\nQUEDO ATENTA . GRACIAS', '17/05/2016', '17/05/2016', 'PROBLEMAS CON EL SWITCH SE REVISA Y SE ENCUENTRA BLOQUEO SE REINICIA Y QUEDA TRABAJANDO', 0, 5),
(53, 'BUENOS DIAS EDWARD\n\nESTOY SIN CONEXION A INTERNET,  PORFA AYUDEME\n\nSALUDOS,\n\nNORALBA PEREZ', '17/05/2016', '17/05/2016', 'PRESENTA PROBLEMAS CON EL CABLE DE RED ESTABA SUELTO SE AJUSTA Y QUEDA TRABAJANDO', 0, 8),
(55, 'EL COMPUTADOR DEL APRENDIZ SENA NO INGRESA A INTERNET, RED Y SE QUEDA PEGADO.', '23/05/2016', '23/05/2016', 'SE CONFIGURA EN LA RED DE CLARO Y SE DEJA TRABAJANDO BIEN', 0, 3),
(56, 'SIIGO ESTABLOQUEADO, Y LAS REDES ESTAN EN ROJO', '23/05/2016', '23/05/2016', 'DISCO DURO DE COMPARTIDOS LLENOS SE LIMPIA Y SE HACEN PRUEBAS DE SIIGO Y QUEDA TRABAJANDO', 0, 3),
(57, 'REVISAR CORREO ELECTRONICO QUE NO VISUALIZA EL CONTENIDO', '23/05/2016', '23/05/2016', 'CONFIGURACION DE LA VISTA DEL CORREO', 0, 24),
(59, 'BUENOS DIAS, EN MI COMPUTADOR ME ESTA SALIENDO QUE PRACTICAMENTE TENDRE ACTUALIZACION A WINDOWS 10 Y POR NINGUN LADO VEO COMO DETENER ESTO.\nGRACIAS', '27/05/2016', '27/05/2016', 'SE REALIZA A QUITAR LA ACTUALIZACIÓN QUE GENERA LA ACTUALIZACIÓN A WINDOWS 10', 0, 17),
(60, 'BUENOS DIAS, ME PERMITO INFORMAR QUE MI MOUSE DE DAÑO, POR LO CUAL SOLICITO SU COLABORACION', '31/05/2016', '31/05/2016', 'SE LE INSTALA UN MOUSE NUEVO', 0, 7),
(61, 'De manera urgente y como le comenté via telefonica, slcitamos su colaboracion en el arreglod e la impresora de administrativa. Presenta error de impresion, diciendo que la tinta magenta no esta sirviendo. \n\nEn su momento (dia sabado) se le solicitó estar a primera hora en la ofcina ya que requerimos de la impresora.\n\nCordialmente,\nGAF', '31/05/2016', '31/05/2016', 'SE REVISA LA IMPRESORA Y PRESENTA QUE EL CARTUCHO MAGENTA ESTA DAÑADO SE CAMBIA POR UNO NUEVO Y SE INSTALA Y SE DEJA CONFIGURADO', 0, 11),
(62, 'BUENOS DIAS,\n\nLA PRESENTE ES PARA SOLICITAR EL LLENADO DEL CARTUCHO NEGRO DE LA IMPRESORA HP 8600', '13/06/2016', '13/06/2016', 'SE REALIZA LA RECARGA DE LAS TINTAS DE LA IMPRESORA 8600 DE HP', 0, 9),
(63, 'Edward. La impresora de administrativa se encuentra molestando. La tinta negra no imprime. Favor colaborarnos con este requerimiento.', '15/06/2016', '15/06/2016', 'SE REALIZA PROCESO DE PURGA A LA IMPRESORA Y QUEDA IMPRIMIENDO', 0, 11),
(65, 'BUENOS DÍAS, EL ANTIVIRUS ANUNCIA PROBLEMAS CON LA LICENCIA, POR FAVOR REVISAR. GRACIAS!', '15/06/2016', '15/06/2016', 'SE REVISA EL ANTIVIRUS Y NO PRESENTA PROBLEMAS DE LICENCIA ', 0, 21),
(66, 'El dr. Barco necesita recuperar un archivo perdido de manera urgente. Favor venir a Tejar  Urgente.', '20/06/2016', '20/06/2016', 'SE REVISA LA MEMORIA USB Y PRESENTA PROBLEMAS DE VIRUS QUE OCULTA LA INFORMACIÓN SE REALIZA LA RESTAURACIÓN DE LA INFORMACION', 0, 11),
(67, 'LA PRESENTE SOLICITUD ES PARA INFORMAR QUE EL CORREO ELECTRONICO S.MEXTRUSION@PESCADERO.COM.CO , NO ESTA DEJANDO VER LOS CORREOS QUE ME LLEGAN.\n\nFAVOR VENIR A REVISAR. GRACIAS', '21/06/2016', '21/06/2016', 'SE REVISA LA CONFIGURACIO EN EL EQUIPO Y SE LE CONFIGURA LA RESPECTIVA SEGURIDAD', 0, 28),
(68, 'REVISAR CONEXION DE IMPRESORA YA QUE DICE SIN CONEXION, AYER EN TODO EL DIA NO FUNCIONO Y HOY TAMPOCO. ', '23/06/2016', '23/06/2016', 'SE ELIMINA Y SE VUELVE A CONFIGURA LA IMPRESORA SE REALIZAN LAS RESPECTIVAS PRUEBAS', 0, 7),
(70, 'BUENAS TARDES, SOLICITO LA INSTALACIÓN DEL PROGRAMA DE PAUSAS ACTIVAS PARA LOS EQUIPOS PENDIENTES:\n- APRENDIZ SENA (KAREN URBINA)\n- APRENDIZ SENA (ANGELICA CARRERO)\n- SUPERVISOR DE HORNOS COLMENA (NELSON PEÑARANDA)\n- JEFE BODEGA PRODUCTO TERMINADO (OSCAR MORENO)\n- ASISTENTE DE DISEÑO (MARIA ESPERANZA RAMIREZ)\n- ASISTENTE DE DISEÑO (JUAN JOSE QUINTERO)\nMUCHAS GRACIAS\nPOR FAVOR INFORMAR FECHAS PROGRAMADAS', '18/07/2016', '20/07/2016', 'SE DEJA INSTALADO LA APLICACIÓN DE PAUSAS ACTIVAS LOS EQUIPOS CON SISTEMA OPERATIVO XP NO DEJAN INSTALAR LA APLICACIÓN DEBIDO A QUE SU HARDWARE NO CUENTA CON LOS REQUERIMIENTOS MÍNIMOS DE VÍDEO PARA LA EJECUCIÓN DE LA MISMA;SE TRATARA DE INSTALAR UNA VERSIÓN ALTERNATIVA.', 0, 21),
(71, 'LA PRESENTE ES PARA SOLICITAR LA ALINEACION DE LOS CARTUCHOS DE \n LA IMPRESORA HP 8600, DEBIDO A QUE NO HAY UNA ADECUADA COMBINACION DE COLORES', '26/07/2016', '26/07/2016', 'SE REALIZA LA RESPECTIVA RECARGA DE LOS CARTUCHOS Y ALINEACIÓN DE CARTUCHOS', 0, 9),
(72, 'BUENAS TARDES \n\nSE SOLICITA REVISION DE EQUIPO COMERCIAL 2 , ERROR EN ENCENDIDO \n\nGRACIAS \n', '26/07/2016', '26/07/2016', 'SE REVISA Y PRESENTA DAÑO EN EL ARRANQUE SE REINSTALA EL SISTEMAS OPERATIVO Y QUE TRABAJANDO ', 0, 5),
(73, 'CORDIAL SALUDO,\n\nLA PRESENTE ES CON EL FIN DE SOLICITAR POR FAVOR LA REVISION DE LA IMPRESORA, YA QUE SE REALIZO EL LLENADO DE LA TINTA MANUAL PERO MARCA COMO SI NO SE FUERA REALIZADO. GRACIAS. ', '27/07/2016', '27/07/2016', 'EN EL MOMENTO DE REVISAR LA IMPRESORA PRESENTA Q LOS CARTUCHOS ESTAN TAPADOS CON LA SEGURIDAD PARA QUE LA TINTA SE RIEGUE Y DEBIDO A ESTO NO PUEDE REALIZAR EL PROCESO DE SUCCIÓN SE DESTAPA Y SE DEJA TRABAJANDO CON PRUEBA REALIZADA ', 0, 6),
(75, 'Favor llenar la tinta negra  de la impresora, que se encuentra en el limite.\n\nGracias,', '08/08/2016', '08/08/2016', 'SE REALIZA EL RESPECTIVO TANQUEO DE LAS TINTAS', 0, 11),
(77, 'Buenos dias. Favor preparar el salon de capacitacion para efectuar video conferencia en la reunion de calidad con el Dr. Barco.  Cordialmente,\nNR', '10/08/2016', '10/08/2016', 'SE CONFIGURA EL EQUIPO CON SKYPE, SE INSTALAN PARLANTES Y DEMÁS PERIFÉRICOS PARA REALIZAR LA VÍDEO LLAMADA', 0, 11),
(78, 'favor instalar la camara y los audifonos de dolly en pi pc. tengo cita mañana a las 3 pm. \nfavor instalar camaras y microfocnos en los pcs del listado que tiene Milena.\n\nGracias,', '16/08/2016', '16/08/2016', 'SE INSTALA LA CÁMARA Y SE REALIZAN PRUEBA DE VÍDEO Y DE SONIDO ', 0, 11),
(79, 'tenemos audotira el dia Martes 23. solicto se efectuen los arreglos a las solcitudes de soporte. se deben dejar al dia. igialmente tener actualizado las hojas de vida de los pc, correos y contrase;as. \nde generar incosustemcias puede ser tomado como una no conformidad. Agradezco la agilidad .', '20/08/2016', '20/08/2016', 'SE DEJA CERRADA LAS SOLICITUDES PENDIENTES', 0, 11),
(80, 'ESTAMOS SIN IMPRESORA\nGRACIAS', '26/08/2016', '26/08/2016', 'SE RECARGA EL COLOR NEGRO Y SE HACES PRUEBAS DE IMPRESION', 0, 7),
(82, 'BUENOS DÍAS, EL DÍA DE HOY EL OUTLOOK ESWTÁ PRESENTANDO BLOQUEO Y LA IMPRESORA DEL ÁREA ADMINISTRATIVA NO FUNCIONA. GRACIAS!', '26/08/2016', '26/08/2016', 'SE REVISA LAS CONEXIÓN AL SERVIDOR Y ESTA BIEN SE REALIZA PRUEBA DE CORREO Y QUEDA TRABAJANDO', 0, 21),
(85, 'EDUAR CON EL USUARIO PUEDO ENTRAR A SIIGO PERO PARA ENTRAR A COMPARTIDOS PESCADERO NO PUEDO ACCEDER', '02/09/2016', '02/09/2016', 'SE REGISTRA EL USUARIO Y CONTRASEÑA PARA EL ACCESO A COMPARTIDOS DE PESCADERO', 0, 18),
(86, 'EL AREA DE DESPACHOS NO TIENE INTERNET... URGETE', '08/09/2016', '08/09/2016', 'SE REALIZA LA REVISIÓN DEL PUNTO DE INTERNET Y SE RESTAURA LA CONEXIÓN A INTERNET', 0, 3),
(87, 'RECARGA TINTA IMPRESORA ADMINISTRACION', '09/09/2016', '09/09/2016', 'SE REALIZA LA CARGA DE TINTA DE TODOS LOS COLORES', 0, 7),
(89, 'BUENOS DIAS EDWARD, AGRADEZCO INSTALAR EL EQUIPO DELL S2340LC UBICADO EN EL AREA COMERCIAL, PARA EL AREA DE DISEÑO, EL CUAL SERA UTILIZADO POR MARIA ESPERANZA RAMIREZ\nGRACIAS\n\nNORALBA', '12/09/2016', '13/09/2016', 'SE TRASLADA EL EQUIPO AL NUEVO PUESTO ASIGNADO', 0, 8),
(91, 'SOLICITO SU COLABORACION CON RESPECTO AL ATASCO DEL PAPEL EN LA IMPRESORA EPSON FX890', '24/09/2016', '29/09/2016', 'SE REVISA LA IMPRESORA Y SE DETECTA QUE LA GUIA DEL PAPEL ESTA DAÑADA SE PROCEDE A CAMBIARLA. SE REALIZAN PRUEBA Y SE INSTALA', 0, 7),
(93, 'FAVOR  REALIZAR RECARGA DEL CARTUCHO NEGRO DE LA IMPRESORA HP 8600', '27/09/2016', '27/09/2016', 'SE REALIZA LA CARGA DE TINTA DE TODOS LOS COLORES', 0, 9),
(94, 'BUENOS DIAS, NO ESTA IMPRIMIENDO IMPRESORA \nDESDE EL COMPUTADOR DE MARISOL Y TESORERIA. ', '03/10/2016', '03/10/2016', 'SE RALIZA CONFIGURACION DE LA IMPRESORA EN LA RED SE REALIZAN PRUEBAS DESDE TODOS LOS EQUIPOS DE ADMINISTRACION', 0, 7),
(95, 'BUENOS DIAS, SOLICITO REVISIÓN DE INTERNET, QUE SE ENCUENTRA FALLANDO, LA SALIDA O ENTRADA DE CORREO ES MUY LENTA.', '03/10/2016', '03/10/2016', 'SE ENCUENTRA PROBLEMAS DEL PROVEEDOR DE INTERNET SE REALIZA LLAMADA AL PROVEEDOR Y SE DEJA OK', 0, 21),
(103, 'AJUSTE DEL EQUIPO DEL COORDINADOR DE OPERACIONES COMERCIALES PARA DAR CAPACITACION VIA SKYPE CON CAMARA', '10/10/2016', '11/10/2016', 'SE INSTALA CAMARA WEB Y SE DEJA PROBADO PARA REALIZAR LA VIDEO CONFERENCIA', 0, 5),
(105, 'EL OFFICE DE MI COMPUTADOR LE SALE UN MENSAJE DE ERROR DE ACTIVACION, NO SE EN QUE AFECTE      ESTO EL FUNCIONAMIENTO DE LOS PROGRAMAS....... FAVOR REVISAR', '19/10/2016', '', '', 0, 16),
(106, 'BUENOS DÍAS, SOLICITO LA REVISIÓN DEL PC PORTATIL DE LA SRTA KAREN POR FALTA DE SEÑAL DE INTERNET. GRACIAS!', '28/10/2016', '29/10/2016', 'SE INSTALA UN ROUTER PARA REPETIR LA SEÑAR DE INTERNET HASTA ESE PUESTO DE TRABAJO', 0, 21),
(107, 'EL EQUIPO DEL LABORATORIO NO TIENE INTERNET', '28/10/2016', '28/10/2016', 'SE CONFIGURA IP FIJA AL EQUIPO SE DEJA CON INTERNET Y RED', 0, 22),
(108, 'LA PRESENTE ES PARA SOLICITAR LA RECARGA DEL CARTUCHO NEGRO DE LA IMPRESORA HP 8600', '01/11/2016', '01/11/2016', 'SE REALIZA LA RESPECTIVA RECARGA DE LAS TINTAS DE LA IMPRESORA', 0, 9),
(110, 'REVICION DE SONIDO DEL EQUIPO.', '04/11/2016', '10/11/2016', 'SE INSTALA DRIVER DE AUDIO', 0, 20),
(111, 'SOLICITO POR FAVOR INCLUIR EN MI EQUIPO LA IMPRESO EN RED DE CALIDAD, CON CONOCIMIENTO DE LA ING ADRIANA SERRANO, YA QUE ACTUALMENTE POSEEMOS PROBLEMAS CON LA IMPRESORA DE PLANEACION \n\nGRACIAS', '08/11/2016', '08/11/2016', 'SE CONFIGURA EL DRIVER DE LA IMPRESORA Y SE DEJA CONFIGURADA Y TRABAJANDO', 0, 24),
(112, 'REVISION IMPRESORA ROMPE LAS HOJAS ', '08/11/2016', '08/11/2016', 'SE RETIRA UN TROZO DE PAPEL QUE PRODUCE QUE LAS HOJAS SE ROMPAN', 0, 3),
(113, 'TESORERIA NO TIENE INTERNET\n', '15/11/2016', '15/11/2016', 'REVISION DE LA IP  Y ASIGNACION DE LA IP FIJA', 0, 3),
(114, 'MI EQUIPO NO CUENTA CON SERVICIO DE CORREO ELECTRÓNICO E INTERNET\n\nGRACIAS', '15/11/2016', '15/11/2016', 'ASIGNACION DE IP FIJA PARA RESOLVER EL PROBLEMA D CONEXION A INTERNET', 0, 16),
(120, 'SE ME ESTAN PRESENTANDO PROBLEMAS CON LA IP DE MI EQUIPO, EN OCASIONES ME QUEDO SIN CORREO ELECTRONICO', '17/11/2016', '17/11/2016', 'ASIGNACION IP FIJA', 0, 16),
(125, 'BUEN DIA\n\nTODOS LOS DIAS DEBO REINICIAR EL EQUIPO 3 Y 4 \nVECES PARA QUE CONECTE A INTERNET, EL DIA DE HOY NO QUIERE CONECTAR\n\nGRACIAS', '29/11/2016', '29/11/2016', 'SE ASIGNA IP FIJA AL EQUIPO SE DEJA PROBADO Y TRABAJANDO EN RED Y CON INTERNET', 0, 12),
(126, 'CORDIAL SALUDO,\n\nPOR MEDIO DE LA PRESENTE SOLICITO POR FAVOR ME REVISE Y ME CONFIRME SI MI COMPUTADOR (CALIDAD) APARECE EN LA RED, YA QUE HOY HE REINICIADO TRES VECES EL PC YEN LOS COMPUTADORES DE COSTOS Y SU AUXILIAR ME FUE IMPOSIBLE REVISAR EN SUS COMPUTADORES MI RED.\n\nAGRADEZCO ME COLABORE LO ANTES POSIBLE YA QUE PARA EL SABADO A LAS 6 DE LA MANAÑA TODOS MIS COMPAÑEROS NECESITAN QUE TENGA ACCESO A MI COMPUTADOR, POR LA AUDITORIA EXTERNA DE ICONTEC. GRACIAS', '30/11/2016', '30/11/2016', 'SE REVISA Y SE ENCUENTRA BLOQUEO DE RED POR EL ANTIVIRUS SE CAMBIA LA PRIVACIDAD DE LA RED Y SE REVISA EL ACCESO DE LOS EQUIPOS A LA CARPETA DE CALIDAD COMPARTIDA', 0, 6),
(127, 'FAVOR REVISAR EL COMPUTADOR DEL SUPERVISOR DE SECADO NO PRENDE, RECUERDE QUE A ESTE EQUIPO ESTA CONECTADA LA IMPRESORA,SE REALIZO CAMBIO DE CABLE DE PODER SIN OBTENER RESULTADOS,ES DE SUMA URGENCIA SU REPARACIÓN, POR LA CONDICION DE IMPRESION ', '02/12/2016', '02/12/2016', 'SE REVISA EL EQUIPO Y SE ENCUENTRA PROBLEMAS CON EL CABLE DE PODER , SE REALIZA EL CAMBIO Y QUEDA TRABAJANDO', 0, 24),
(128, 'BUENOS DÍAS EL DÍA DE HOY EL COMPUTADOR DE LA SECCION DE SECADO NO PRENDIO, ESTE FUE REVISADO EL DIA VIERNES, RECUERDE QUE ESTAMOS UNIDOS A ESTE QUIPO CON LA IMPRESORA, ES CON SUMA URGENCIA SU REPARACION, \nGRACIAS \nDOLLY SABOGAL ', '05/12/2016', '05/12/2016', 'SE REVISA EL EQUIPO Y GENERO PERDIDA DE DISCO DURO SE LIMPIA LA CONEXIÓN Y SE SE DEJA ENCENDIDO Y TRABAJANDO ', 0, 24),
(129, 'BUENOS DÍAS EL COMPUTADOR DE SECADO CONTINUA CON PROBLEMAS EL DÍA DE HOY NO HA QUERIDO PRENDER POR FAVOR REALIZAR ANALISIS Y SOLUCION AL PROBLEMA, RECUERDE QUE ES EL EQUIPO AL CUAL SE ENCUENTRA LA IMPRESORA . \nGRACIAS ', '06/12/2016', '06/12/2016', 'SE REALIZA CAMBIO DE FUENTE DE PODER Y SE DEJA EN OBSERVACION ', 0, 24),
(130, 'CORDIAL SALUDO\n\nME PERMITO RECORDARLE LO CONVERSADO ESTA  \nSEMANA CON RESPECTO A QUE EL SIIGO EN LAS\nHORAS DE LA TARDE SE PONE DEMASIADO LENTO \n\nGRACIAS', '07/12/2016', '07/12/2016', 'SE DEJA ABIERTO LA SOLICITUD Y SE REALIZARA CAMBIO DE HORARIO EN ALGUNAS COPIAS DE SEGURIDAD', 0, 12),
(134, 'LA PRESENTE ES PARA SOLICITAR LA DESCARGA DE LOS REGISTROS DEL HUELLERO, DEBIDO A QUE NO TIENE ESPACIO LIBRE A LA FECHA.', '21/12/2016', '21/12/2016', 'SE REALIZA LA COPIA DE SEGURIDAD DEL HUELLERO Y LIMPIEZA PARA ALMACENAR REGISTROS', 0, 9),
(135, 'BUENAS TARDES, SOLICITO REVISIÓN DE IMPPRESORA DE SIIGO UBICADA EN EL PUESTO DE NOMINA. ADICIONALMENTE SOLICITO LA INSTALACIÓN DEL PROGRAMA DE SOPORTE DE SISTEMAS EN EL EQUIPO DE NOMINA PARA QUE SEA ELLA QUIEN REALICE LA SOLICITUD. GRACIAS!', '29/12/2016', '29/12/2016', 'SE REALIZA LA RESPECTIVA CONFIGURACIÓN E INSTALACIÓN DEL SIITP', 0, 21),
(136, 'BUENO DIAS. TENEMOS PROBLEMAS CON EL CORREO ELECTRONICO COPRORATIVO. NOS ESTA SOLICTANDO CLAVE EL SERVIDOR. FAVOR VENIR A LA MENOR BREVEDAD. MIL GRACIAS,SI', '12/01/2017', '12/01/2017', 'SE REVISA CORREO Y EL PROBLEMA ES CON EL PROVEEDOR DEL SERVICIO SE LLAMA AL PROVEEDOR PARA QUE HAGA LOS RESPECTIVOS AJUSTES A SU PLATAFORMA Y SE ESPERA RESPUESTA VIA TELEFONICA', 0, 11),
(137, 'BUENAS TARDES, SE SOLICITA RECARGA DE TINTA DE LA IMPRESORA DE LAS OFICINAS ADMINISTRATIVAS. PARTICULARMENTE TENGO URGENCIA PORQUE PARA EL DÍA DE MAÑANA SE HA PROGRAMADO CAPACITACIÓN DEL SGSST. GRACIAS!', '12/01/2017', '12/01/2017', 'SE DEJA RECARGADA LA IMPRESORA HP 8600', 0, 21),
(138, 'SOLICITAMOS REVISION DE LA IMPRESORA HP 8600, DEBIDO A QUE PRESENTA INCOVENIENTES A LA HORA DE TOMAR EL PAPEL, DEBIDO A LO ANTERIOR NO PODEMOS IMPRIMIR.', '14/01/2017', '14/01/2017', 'SE RETIRA LA IMPRESORA PARA REVISION Y SE ENCUENTRA DAÑO EN EL MECANISMO SE PROCEDE A CAMBIAR LAS PIEZAS RESPECTIVAS PARA DEJAR SU OPTIMO FUNSIONAMIENTO', 0, 9),
(139, 'REVISION EQUIPO DE SUPERVISOR DE SECADO. AL PRENDER PRESENTA OLOR A QUEMADO.', '18/01/2017', '18/01/2017', 'SE REVISA Y NO SE PERCIBE OLOR A QUEMADO Y SE ENCUENTRA QUE TODO FUSIONA BIEN', 0, 3),
(140, 'BUENOS DÍAS,\n\nMUY AMABLEMENTE SOLICITO LA REVISION DEL CORREO BODEGA@PESCADERO.CO, DESDE QUE SE PRESENTO LA FALLA DEL DOMINIO, ESTE CORREO NO FUNCIONA CORRECTAMENTE. AGRADEZCO SU COLABORACION Y PRONTA RESPUESTA.\n\nATENTAMENTE,\n\nJHON CACERES SANDOVAL\nJEFE PRODUCTO TERMINADO', '25/01/2017', '25/01/2017', 'AUN SE ESPERA RESPUESTA POR EL PROVEEDOR DEL SERVICIO YA QUE ES UN PROBLEMA EXTERNO A LA EMPRESA', 0, 26),
(142, 'SOLICITUD DE REINICIAR SERVIDOR, DEBIDO A\n ERROR PRESENTADO EN EL SISTEMA SIIGO.', '26/01/2017', '26/01/2017', 'SE REINICIA EL SERVIDOR A PETICIÓN ', 0, 2),
(143, 'BUENOS DÍAS POR FAVOR ACERCARSE A ISPECCIONARR EL EQUIPO DE ARTE Y ARCILLA EL CUAL PRENDE PERO REPORTA FALLO EN EL SISTEMA, INSERTE DISCO POR FAVOR CON URGENCIA', '30/01/2017', '30/01/2017', 'SE REVISA EQUIPO Y SE PROCEDE A QUITAR EL EQUIPO PARA REVISION DEL DISCO', 0, 24),
(144, 'LA PRESENTE ES PARA SOLICITAR LA RECARGA DE LA TINTA NEGRA DE LA IMPRESORA HP 8600', '31/01/2017', '31/01/2017', 'SE REALIZA LA RECARGA DE LA TINTA DE LA IMPRESORA DE TODOS LOS COLORES', 0, 9),
(145, 'BUENOS DIAS\n\nNUEVAMENTE EL EQUIPO ME ESTÁ PRESENTANDO FALLAS DE INICIO. \n\nAGRADEZCO SU COLABORACION\n\n', '06/02/2017', '06/02/2017', 'SE PROCEDE A TOMAR MEDIDAS DIFERENTES PARA REPARAR EL FUNCIONAMIENTO DEL EQUIPO', 0, 16),
(147, ' POR FAVOR  COLABORARME DE MANERA URGENTE  CON LA REVISION  DE LA IMPRESORA DFX890 YA QUE ESTA PRESENTANDO INCONVENIENTES Y ERRRO DE  IMPRESION EN LAS FACTURAS Y REMIISONES  ', '07/02/2017', '07/02/2017', 'SE PROCEDE A REVISAR LA IMPRESORA, SE LE LUBRICA LA BARRA DE TRANSPORTE DEL CABEZAL', 0, 13),
(148, 'BUENOS DIAS.\n\nTENEMOS PROBLEMAS CON EL CORREO ELECTRONICO OUTLOOK. NO DEJA ENVIAR MENSAJES Y APARCE QUE NO EXISTEN LAS EXTENSIONES , CUANDO LOS CORREOS SI LLEGAN.\n\nGRACIAS.', '10/02/2017', '10/02/2017', 'SE LLAMA AL PROVEEDOR DE GESTOR DE CORREO PARA SOLUCIONAR PROBLEMAS CON EL ENVIO Y RECEPCION DEL CORREO', 0, 11),
(151, 'EDWARD. BUENAS TRADES. FAVOR ELABORAR TARJETA DE PRESENTACION ELECTRONICA PARA LA NUEVA TESORERA SINDY TERESA GUTIERREZ.\n\nPOR FAVOR PONERSE EN CONTACTIO CON ELLA A PRIMERA HORA PARA EFECTUAR DICHO CAMBIO.\n\nGRACIAS', '15/02/2017', '15/02/2017', 'SE HACE EL CAMBIO DE CONFIGURACIÓN DEL CORREO DE TESORERÍA Y SE LE INFORMA A LA ARQUITECTA PARA EL DISEÑO DE LA NUEVA FIRMA', 0, 11),
(152, 'POR FAVOR ME COLABORE CON LA IMPRESORA EPSON QUE NO ESTA SIENDO RECONOCIDA POR EL EQUIPO', '21/02/2017', '21/02/2017', 'SE REVISA LA CONFIGURACION DE LA IMPRESORA EPSON Y SE DEJA IMPRIMIENDO', 0, 7),
(153, 'EDWARD, FAVOR REVISAR EL CORREO INSTITUCIONAL DE ERWIN TORRES. AL TENER MAS DE CINCO CORREOS SE LE BLOQUEA EL PC... FAVOR ARREGLAR EL PROBLEMA.\n\nCORDIALMENTE', '22/02/2017', '21/02/2017', 'SE DEJA CON ALMACENAMIENTO ABIERTO', 0, 11),
(156, 'SE DESAPARECIÓ EL INGRESO A OINTERNET EXPLORER. FAVOR REVISAR CONFIGURACION.\nGRACIAS', '27/02/2017', '28/02/2017', 'SE REINSTALA EL SERVICIO DE INTERNET Y SE DEJA ACCESO DIRECTO EN EL ESCRITORIO', 0, 11),
(157, 'POR MEDIO DE LA PRESENTE SOLICITO POR FAVOR APOYO PARA EL DÍA DE MAÑANA 28 DE FEBRERO EN LA INSTALACION DE SYPE, PC , VIDEO BEAM, EL SALON DE CAPACITACION ESTO CON EL FIN DE HACER UNA  CONFERENCIA CON ICONTEC', '27/02/2017', '28/02/2017', 'SE INSTALA COMPUTADOR CON CAMARA WEB Y SE DEJA INSTALADO EL SKYPE Y PROBADO PARA REALIZAR VIDEO CONFERENCIA', 0, 6),
(158, 'BUEN DIA. NUEVAMENTE SE DESCONFIGURO EL ACCCESO A COLPATRIA POR INTERNET EXPLORER... FAVOR ERRADICAR EL PROBELMA DE RAIZ.\n\nGRACIAS', '28/02/2017', '28/02/2017', 'SE DESINTALA Y SE VUELVE A INSTALAR EL SERVICIO DE INTERNET EXPLORER', 0, 11),
(159, 'BUENOS DIAS, \n\nNO SE PUEDEN ABRIR LOS ARCHIVOS QUE VIENEN EN PDF.', '01/03/2017', '01/03/2017', 'SE REVISA E INSTALA EL ADOBE READER Y SE DEJA  CONFIGURADO PREDETERMINADO PARA ABRIR LA EXTENSIÓN DE PDF ', 0, 3),
(160, 'EL EQUIPO SE ME DESCONFIGURO LA COPIA DE SEGURIDAD Y EL ANTIVIRUS \n', '02/03/2017', '02/03/2017', 'SE REVISA EL EQUIPO Y SE ENCUENTRA QUE SE ESTAN BORRANDO LAS APLICACIONES SE PROCEDE A REALIZAR SEGUIMIENTO SI ES PROBLEMA DE DISCO Y PROCEDIMIENTO A SEGUIR REALIZAR COPIA Y FORMATEADO DEL EQUIPO LAS COPIAS DE SEGURIDAD SE DEJAN GUARDANDO DIRECTAMENTE SIN APLICACION\n\n', 0, 22),
(161, 'CORDIAL SALUDO,\n\nPOR MEDIO DE LA PRESENTE INFORMO QUE DURANTE LA INDUCCION DE LA SRA. SINDY TERESA GUTIERREZ RODRIGUEZ, TESORERIA Y MONEDA EXTRANJERA, SE DETECTO QUE EL COMPUTADOR TIENE UNA CLAVE DE DESBLOQUEO CON SOLO ENTER, POR LO CUAL SOLICTAMOS POR FAVOR SEA CAMBIADA LO ANTES POSIBLE.', '02/03/2017', '02/03/2017', 'SE LE ASIGNA CLAVE  Y BLOQUEO AL EQUIPO DE TESORERIA', 0, 6),
(162, 'BUEN DIA, MIRE SR EDWAR VENIR A REVISAR MI PC PS CUANDO ENTRO A EL BANCO COLPATRIA LA PANTALLA ME QUEDA TODA AZUL Y DURA MINUTOS SIN TENER ACCESO. GRACIAS', '02/03/2017', '02/03/2017', 'EL EXPLORADOR PREDETERMINADO PARA ABRIR EL BANCO COLPATRIA ES EXPLORER SE LE INFORMA A LA PERSONA ENCARGADA DE TESORERIA Y QUEDA PROBADO', 0, 7),
(164, 'BUENOS DÍAS,\n\nPOR FAVOR ME COLABORA CON LA REVISIÓN DE MI EQUIPO QUE DESDE EL DÍA LUNES NO FUNCIONA Y TENGO REPRESADAS MIS TAREAS DE ESCRITORIO.\nGRACIAS', '08/03/2017', '10/03/2017', 'SE TRASLADA EL DISCO DURO A OTRO EQUIPO Y SE CONFIGURA LA RESPECTIVA INFORMACION Y CONFIGURACION PENDIENTE LA INFORMACION DEL CORREO', 0, 16),
(165, 'SOLICITO BLOQUEO DE ACCESO A MI COMPUTADOR.\n\nCUANDO SE INICIA SI ME PIDE CLAVE PERO SI LO BLOQUEO MANUALMENTE NO LA TOMA\n\n\nGRACIAS', '10/03/2017', '10/03/2017', 'SE LE CONFIGURA TIEMPO Y CLAVE DE BLOQUEO AL CERRAR SESION', 0, 12),
(166, 'FAVOR COORDINAR ASIGNACION CLAVE AL COMPUTADOR CORRESPONDIENTE A LA ASISTENTE DE DISEÑO ARQUITECTA MARÍA ESPERANZA RAMÍREZ', '10/03/2017', '10/03/2017', 'SE LE ASIGANA CONTRASEÑA Y CAMBIO DE NOMBRE DE EQUIPO', 0, 8),
(175, 'LA PRESENTE ES PARA SOLICITAR LA REVISION DEL EQUIPO DE PERSONAL, DEBIDO A QUE AL TRABAJAR EN EXCEL SE BLOQUEA COMPLETAMENTE EL EQUIPO E INFORMA QUE PRESENTA UN ERROR DE PROGRAMA.', '17/03/2017', '17/03/2017', 'SE CONFIGURA ELEL EXCEL PARA LAS RUTAS DE CONFIANZA', 0, 9),
(176, 'FAVOR REVISAR MI EQUIPO SE QUEDO BLOQUEADO', '22/03/2017', '23/03/2017', 'SE PROCEDE A RESTAURAR WINDOWS PENDIENTE FORMATEAR EQUIPO DEBIDO A QUE NO DEJA CONFIGURAR ANTIVIRUS Y DEMAS APLICACIONES NECESARIAS. SE PROGRAMA PARA EL DIA SABADO', 0, 22),
(177, 'LA PRESENTES ES PARA SOLICITAR LA REVISION DE LA IMPRESORA HP8600, DEBIDO A QUE LO NEGRO LO ESTA IMPRIMIENDO EN AMARILLO', '23/03/2017', '23/03/2017', 'SE PURGA LA IMPRESORA SE RECARGA Y SE DEJA TRABAJANDO BIEN', 0, 9),
(181, 'EDWAR URG NO PODEMOS GRABAR DOCUMENTOS EN SIIGO, MNO HAY ESPACIO\n\n\nGRACIAS\n\n\nAMELIA', '29/03/2017', '29/03/2017', 'PROBLEMA PRESENTADO POR EL SERVIDOR AL NO PRESENTAR ESPACIO PARA ALMACENAR INFORMACION SE DEPURA LAS COPIAS DE SEGURIDAD Y SE REALIZAN PRUEBAS Y QUEDA TRABAJANDO BIEN', 0, 12),
(182, 'FAVOR REVISAR IMPRESORA DE OFICINA DE PRODUCCIÓN, NO IMPRIME, YA SE LE CAMBIÓ EL TONER PERO NO IMPRIME', '29/03/2017', '30/03/2017', 'SE CAMBIA LA UNIDAD FUSORA DE LA IMPRESORA Y SE REALIZA EL RESPECTIVO MANTENIMIENTO', 0, 16),
(185, 'BUENOS DIAS,\nPOR MEDIO DEL PRESENTE INFORMO QUE EL COMPUTADOR NO PERMITE EL INGRESO A NINGUN NAVEGADOR DE INTERNET (GOOGLE CHROME, EXPLORER,MOZILA) GRACIAS.', '30/03/2017', '30/03/2017', 'ERROR EN EL NAVEGADOR SE REALIZA  ACTUALIZACIÓN DEL NAVEGADOR Y SE COMPRUEBA QUE ABRE LAS PAGINAS', 0, 15),
(186, 'BUENOS DÍAS SOLICITO REVISIÓN DE PC YA QUE NO TIENE CONECCIÓN CON LA IMPRESORA DE LA OFICINA DESDE EL DÍA DE AYER. GRACIAS!', '01/04/2017', '01/04/2017', 'PERDIDA DE IMPRESORA POR CONEXIÓN SE CONFIGURA NUEVAMENTE LA RUTA DE LA IMPRESORA', 0, 21),
(187, 'CAMBIAR NOMBRE DE LA FIRMA DEL CORREO ELECTRONICO', '04/04/2017', '04/04/2017', 'SE CAMBIA EL NOMBRE A SOLO EL AREA ', 0, 26),
(188, 'LICENCIA DE ANTIVIRUS VENCIDA', '04/04/2017', '04/04/2017', 'SE REGISTRA EL NUEVO CODIGO DEL ANTIVIRUS', 0, 26),
(189, 'SE SOLICITA CAPACITACION PARA EL DESCARGUE DELA INFORMACION DEL CONTROL DE PERSONAL(HUELLERO); E INGRESAR LAS PERSONAS QUE NO SE ENCUENTRAN REGISTRADAS; \n\nCOORDINAR CON EL AREA DE PERSONAL.', '11/04/2017', '11/04/2017', 'SE LE EXPLICA AL AREA ENCARGADA  EL FUNSIONAMIENTO DEL HUELLERO Y DEL DESCARGUE DE COPIAS E INFORMACION', 0, 3),
(191, 'BUENOS DIAS.\n\nEL CORREO ESTA PRESENTANDO INCONVENIENTES . DICE QUE EL POP3 SE ENCUENTRA CON PROBLEMAS..', '19/04/2017', '1/04/2017', 'PROBLEMAS CON CORREOS ATASCADOS EN LA BANDEJA SE DESCARGA  Y SE LIMPIA: SE REALIZA PRUEBA DE ENVIO', 0, 11),
(193, 'LE AGRADECEMOS REVISAR EL INTERNET. NO ESTA FUNCIONANDO . GRACIAS.\n', '20/04/2017', '20/04/2017', 'CONFIGURACIÓN DE LA IP DEL EQUIPO PARA EL PROVEEDOR DE CLARO', 0, 11),
(195, 'EL AREA DE DESPACHOS NO TIENE INTERNET ', '25/04/2017', '', '', 0, 3),
(196, 'BUENAS TARDES \n\n EL SITEMA DE SIIIGO  NO ESTA DEJANDO INGRESAR \n\n POR FAVOR COLABORARME ', '26/04/2017', '26/04/2017', 'PROBLEMA PRESENTADO POR EL SERVIDOR AL NO PRESENTAR ESPACIO PARA ALMACENAR INFORMACION SE DEPURA LAS COPIAS DE SEGURIDAD Y SE REALIZAN PRUEBAS Y QUEDA TRABAJANDO BIEN', 0, 13),
(198, 'EL AREA DE DESPACHOS NO TIENE INTERNET', '03/05/2017', '03/05/2017', 'REVISION DEL PUERTO DE RED Y CABLE . SE CAMBIA CABLE DE RED', 0, 3),
(199, 'BUENOS DIAS EDUAR\n\nSOLICITO RECARGAR TINTA DE LA IMPRESORA HP OFFICEJET PRO 8600 \nAGRADEZCO ME COLABORE CON LA ANTERIOR SOLICTUD  \nGRACIAS..', '03/05/2017', '03/05/2017', 'SE RECARGAN TODOS LOS COLORES Y SE REALIZA LIMPIEZA DE CABEZALES ', 0, 31),
(200, 'BUENAS TARDES EDUAR\n\nFAVOR SOLICITO REVISION DE LA IMPRESORA EPSON FX-890 \nAGRADEZCO ME COLABORE CON LA ANTERIOR SOLICITUD PORFAVOR.', '04/05/2017', '04/05/2017', 'SE REVISA Y SE ENCUENTRA PROBLEMAS CON LA MASCARILLA DEL CABEZAL', 0, 31),
(201, 'POR FAVOR COLABORARME CON LA  REVISION  DE LA CARPETA  CONTABILDAD COMPARTIDOS YA QUE NO PUUEDO INGRESAR A ESTA Y DEBO RELIZAR EL RESPITVO INFORME DE L IVA ', '05/05/2017', '05/05/2017', 'SE REVISA LA CONEXION AL SERVIDOR DE PESCADERO Y SE HABILITA LA CONEXION', 0, 13),
(202, 'BUENOS DIAS SE ME ESTA PRSENTANDO U PROBLEMA CON EL EQUIPO QUE NO DEJA IMPRIMIR Y NO TENGO RED  Y ME APARECE UN MENSAJE QUE DICE QUE HAY UN CONFLICTO DE DIRECCION IP CON OTRO SISTEMA EN LA RED', '08/05/2017', '08/05/2017', 'SE COLOCA IP AUTOMÁTICA PARA EVITAR CONFLICTOS DE IP', 0, 15),
(203, 'URGENTE REVISAR COMPUTADOR DEL CUARTO DE COMUNICACIONES QUE SE APAGO , EN ESTE EQUIPO FUNCIONA EL ALUTAL\n ', '08/05/2017', '08/05/2017', 'SE REVISA FUENTE QUEMADA; SE REALIZA CAMBIO DE FUENTE DE PODER', 0, 3),
(205, 'BUENOS DÍAS\n\nTENGO INCONVENIENTES PARA IMPRIMIR EN LA IMPRESORA DE PRODUCCIÓN, FAVOR COLABORARME AL RESPECTO\n\nGRACIAS', '09/05/2017', '09/05/2017', 'SE REVISA LOS PERMISOS DE LA RED DEL EQUIPO DE GUSTAVO Y SE HABILITA LA CONEXION A IMPRESORA NUEVAMENTE', 0, 16),
(206, 'CORDIAL SALUDO,\n\nPOR MEDIO DEL PRESENTE ME DIRIJO A USTED PARA SOLICITAR LA INSTALACION DE ADOBE FLASH PLAYE   PARA PODER TRABAJAR CON IMAGENES SATELITAL DE GEOPORTALES COMO IGAC. \n\nAGRADEZCO LA ATENCION AL PRESENTE.', '09/05/2017', '09/05/2017', 'SE HABILITA EL FLASH PLAYER EN EL NAVEGADOR', 0, 14),
(207, 'POR FAVOR COLABORARME , NO , ESTA FUNCIONANDO CORRECTAMENTE LA RED DE SIIGO ', '10/05/2017', '10/05/2017', 'SE REVISA CABLE Y CONFIGURACION SE CONFIGURA IP FIJA Y SE REALIZAN PRUEBAS', 0, 13),
(210, 'REALIZAR REVISION LLEGAN CORREOS CON VIRUS. Y ESTA CAMBIANDO DATOS EN LOS ARCHIVOS DE EXCELL', '18/05/2017', '18/05/2017', 'SE HABILITA EL SPAM EN EL ANTIVIRUS ', 0, 3),
(211, 'URGENTE: EL DIA DE HOY TIENE QUE INSTALAR LA  CAMARA DE DOLLY. NADIE SE PUEDE ENTERAR QUE SE INSTALO NUEVAMENTE.', '20/05/2017', '20/05/2017', 'SE CONFIGURA CAMARA WEB AL EQUIPO DE SALA DE JUNTAS', 0, 3),
(214, 'URGENTE NO HAY SIIGO ', '27/05/2017', '27/05/2017', 'SE REINICIA EL SERVIDOR ', 0, 3),
(217, 'EDWARD: FAVOR REVISAR EN MI PC. LAS CAMARAS YA QUE SOLO ME APARECEN 6 Y SON 9.\nIUALMENTE CONFIGURAR INTERNET PARA BANCO COLPATRIA, YA QUE SE DESCONFIGURO.\nADICIONALMENTE ESTAMOS A LA ESPERA DE EL ARREGLO SOBRE TRATAMIENTO DE DATOS PERSONALES.\n\nGRACIAS,\n', '08/06/2017', '14/06/2017', 'SE CONFIGURA LA CANTIDAD DE CAMARAS A CARGAR EN EL PROGRAM', 0, 11),
(218, 'BUENOS DIAS.\n\nFAVOR RETIRAR EL EQUIPO DE CALIDAD DEL PUESTO, Y ENVIARLO PARA COMPRAS EN CUSTODIA.IGUALMENTE LA IMPRESORA. ', '10/06/2017', '10/06/2017', 'SE RETIRA EL EQUIPO Y SE DEJA GUARDADO EN ALMACEN', 0, 11),
(219, 'BUENAS TARDES EDWARD FAVOR SOLICITO REVISION DE IMPRESORA HP 8600 O Y LLENADO DE TINTA \n\nLE AGRADEZCO ME COLABORE CON LA ANTERIOR SOLICITUD \n\nGRACIAS...', '12/06/2017', '12/06/2017', 'SE LLENA TODOS LOS COLORES DE TINTA ', 0, 31),
(220, 'ARREGLO IMPRESORA DE PUNTOS.', '13/06/2017', '13/06/2017', 'SE REALIZA MANTENIENTO', 0, 3),
(222, 'TRABAJO EN CUENTAS REDES SOCIALES  Y CORREOS. CREAR USUARIO OFICIAL PARA ADMINISTRAR  DESDE UN SOLO CORREO LAS SIGUIENTES REDES SOCIALES: INSTAGRAM, TWITTER, YOUTUBE, PÁGINA DE FACEBOOK.', '13/06/2017', '13/06/2017', 'SE CREA UNA CUENTA PRINCIPAL PARA ALMACENAR LAS REDES SOCIALES Y SE DEJA UN DOCUMENTO DE WORD DONDE SE INDICA LAS  CONTRASEÑAS Y CUENTAS DE CORREO USADAS', 0, 27),
(223, ' BUENOS DIAS EDWAR  POR FAVOR COLABORARME  CON LA REVISION DEL COMPUTADOR DE LA OFICINA  YA QUE EN OCASIONES MUY REPETITIVAS SE QUEDA  BLOQUEADO SIN MOVIMIENTO  HAY QUE REINICIARLO PARA QUE FUNCIONE , AGRADEZCO SU AMABLE GESTION ', '14/06/2017', '14/06/2017', 'SE REVISA Y SE DEJA EN PRUEBA ', 0, 13),
(225, 'INSTALACION DE EQUIPO CALIDAD Y PROGRAMACION ENCENDIDO Y APAGADO AUTOMATICO DEL MISMO ', '23/06/2017', '23/06/2017', 'SE DEJA INSTALADA Y CONFIGURADA PARA APAGADO A LAS 5 PM EN EL PUESTO DE AUXILAIR DE ALMACEN', 0, 3),
(226, 'POR FAVOR COLABORARME CON EL SIIIGO NO  \nPERMITE EL ACCESO AL  SISTEMA ... PRESENTA ERROR', '27/06/2017', '27/06/2017', 'SE ENCUENTRA QUE EL SERVIDOR SOLICITA REINICIO PARA PODER INSTALAR LAS ACTUALIZACIONES SE REINICIA Y SE DEJA PROBADO EL SIIGO', 0, 13),
(229, 'REQUERIMOS A EDUARD PARA LA ADECUACIÓN DE LAS CONEXIONES DE COMPUTADOR, TELÉFONOS, IMPRESORAS  E INTERNET DE COMERCIAL DEBIDO A LOS CAMBIOS LLEVADOS A CABO EN LAS OFICINAS.', '27/06/2017', '27/06/2017', 'SE REVISAN LOS PUNTOS  Y SE VUELVEN ASIGNAR LAS CONEXIONES A LOS PUNTOS NUEVOS', 0, 27),
(230, 'FAVOR REVISAR EL COMPUTADOR QUE NO ESTA IMPRIMIENDO, Y NO SALEN NI LLEGAN MENSAJES AL CORREO CORPORATIVO. GRACIAS', '27/06/2017', '27/06/2017', 'CONFIGURACION DE LOS PUERTOS DE ENTRADA Y SALIDA DEL CORREO OUTLOOK', 0, 25),
(231, 'LA PRESENTE ES PARA SOLICITAR, LA REVISION DE LA IMPRESORA HP 8600, DEBIDO A QUE NO ESTA IMPRIMIENDO EN COLOR NEGRO.', '28/06/2017', '28/06/2017', 'SE REALIZA PURGA DE CARTUCHOS SE DEJA RECARGADA Y IMPRIMIENDO BIEN ', 0, 9),
(234, 'BUENAS TARDES LE INFORMO EL INCONVENIENTE CON EL CORREO CORPORATIVO QUE NO ENVIA NI RECIBE MENSAJES. AL IGUAL NO TENGO ACCESO A INTERNET.\nGRACIAS', '04/07/2017', '04/07/2017', 'SE REVISA LA CONEXION A INTERNET Y SE DEJA PROBADO EL CORREO CORPORATIVO', 0, 25),
(235, 'REPARACION DE SIITP PARA GERENCIA ADMINISTRATIVA. NO FUNCIONA ', '05/07/2017', '05/07/2017', 'PROBLEMAS CON LA CONEXION A LA BASE DE DATOS', 0, 3),
(236, 'REVISION CORREO ELECTRONICO ESTAN LLEGANDO MUCHOS MENSAJES DE VIRUS Y ESTA BLOQUEANDO EL EQUIPO ', '06/07/2017', '06/07/2017', 'SE TRAMITA LA REVISION DE CORREO CON EL PROVEEDOR DEL HOSTING', 0, 3),
(237, 'REVISAR CORREO ELECTRONICO DE CALIDAD, NO INGRESAN LOS CORREOS EELCCTRONICOS ', '09/07/2017', '09/07/2017', 'SE REVISA LA BASE DE CORREOS Y ESTA LLENA SE DESCARGA AL COMPUTADOR DE CALIDAD Y SE LIMPIA EL SERVIDOR', 0, 3),
(239, 'BUEN DIA, POR FAVOR SOLICITO REVISION YA QUE CUANDO ABRO EL PROGRAMA DE VISOR DE PROVEEDORES Y SOLICITO VER ALGUN ARCHIVO NO ES POSIBLE VISUALIZAR LOS DOCUMENTOS ADJUNTOS COMO EJEMPLO LAS REFERENCIAS BANCARIAS . \n\nCORDIALMENTE;\nSINDY GUTIERREZ', '10/07/2017', '10/07/2017', 'PROBLEMAS CON LOS PERMISO DE LAS CARPETAS PARA VER LOS ARCHIVOS', 0, 7),
(240, 'INSTALACION FIRMA DIGITAL CERTICAMARA.', '10/07/2017', '10/07/2017', 'SE ELIMINA LA FIRMA VIEJA Y SE CONFIGURA LA NUEVA LLAVE QUE ESTA POR USB', 0, 3),
(242, 'REVISION DE EQUIPO PARA ALMACENAR FOTOS', '11/07/2017', '11/07/2017', 'SE LE CONFIGURA LA CARPETA DE FOTOS DEL EQUIPO DE COMERCIAL', 0, 26),
(243, 'EL AREA DE DESPACHOS NO TIENE INTERNET', '14/07/2017', '14/07/2017', 'PROBLEMAS CON EL PROVEEDOR DE INTERNET', 0, 3),
(244, 'FALLO DE ENVIO DE CORREO ELECTRONICO.', '14/07/2017', '14/07/2017', 'PERMISOS DE SALIDA DE CORREO', 0, 26),
(246, 'AL INGRESAR AL OUTLOOK, SOLICITA USUARIO Y \nCONTRASEÑA SIN DEJAR RECIBIR O ENVIAR COREOS.', '22/07/2017', '22/07/2017', 'SE VUELVE A CONFIGURAR LA CUENTA DE CORREO CON USUARIO Y CONTRASEÑA', 0, 2),
(248, 'POR FAVOR DESDE LA SEMANA PASADA NO RECIBE NI ENVIA MENSAJES AL CORREO CORPORATIVO. GRACIAS', '24/07/2017', '24/07/2017', 'SE REVISA EL CORREO Y TIENE PROBELAMAS DE SALIDA', 0, 25),
(249, 'BUENOS  DIAS, POR MEDIO DEL PRESENTE INFORMO QUE EL COMPUTADOR ASIGNADO A SECADO AL INICIAR LA SECION SE DEMORA MAS DE MEDIA HORA EN ARRANCAR Y SALE UN INFORMACION EN INGLES CON EL FONDO DE PANTALLA NEGRA EL CUAL NOS TOCA INICIAR LA SECION FORZANDO EL COMPUTADOR, LE AGRADEZCO SU COLABORACION.', '27/07/2017', '27/07/2017', 'PROBLEMAS CON EL DISCO DURO NO ARRANCA EL INICIO DE WINDOWS', 0, 15),
(250, 'TRASLADO DE IMPRESORA DE PUNTO AL PUESTO DE CONTADOR PARA IMPRESION DE LIBROS LEGALES', '27/07/2017', '27/07/2017', 'SE LE CONFIGURA LA IMPRESORA DE PUNTO AL CONTADOR ', 0, 2),
(251, 'PROBLEMA EN SIIGO PARA GRABAR DOCUMENTOS \nPOR ESPACIO EN SERVIDOR...', '29/07/2017', '29/07/2017', 'SE LIMPIA EL ESPACIO DEL DISCO DURO ', 0, 2),
(252, 'ERROR AL IMPRIMIR EN IMPRESORA DE PUNTO QUE  FUE TRANSLADADA AL COMPUTADOR DE CONTADORA.', '31/07/2017', '31/07/2017', 'CONFIGURACION DE SIIGO PARA DETECTAR IMPRESORA DE PUNTO EN EL EQUIPO DE LA CONTADORA', 0, 2),
(253, 'BUENOS DIAS HAGO LA SOLICITUD DE LA INSTALCION DE UN  PUNTO DE RED EN LA OFICINA DE COSTOS PARA EL TRANSLADO TEMPORAL DE MI PUESTO DE TRABAJO PARA ESA OFICIANA, SE AGRADECE LOMAS PRONTO POSIBLE, ESTA ACCION SE TOMA POR MOTIVO DEL INCONVENIENTE DE SALUD, QUE PRESENTE EL DIA DE AYER SE TOMA LA DECCION DE REALIZAR ESTO DE MANERA PREVENTIVA', '02/08/2017', '02/08/2017', 'SE HABILITA UN PUNTO DE RED DE DATOS ', 0, 1),
(254, 'URGENTE SE REQUIERE REVISAR COPIAS DE SEGURIDAD DEL ROGRAMA ALUTAL DEL 2007 LOS CUALES SON SOLICITADOS POR EL DR BARCO', '03/08/2017', '03/08/2017', 'EL PROGRAMA ALUTAL NO REGISTRA UN HISTORIAL DE COPIAS DE SEGURIDAD', 0, 3),
(255, 'YA LLEGO EL SERVIDOR SE SOLICITA LA REVISION ', '08/08/2017', '08/08/2017', 'SE REVISA EL SERVIDOR LLEGO EN BUEN ESTADO SE PROCEDE A REALIZAR LA INSTALACION DEL SISTEMA OPERATIVO', 0, 3),
(256, 'EL AREA DE PROYECTOS NO CUENTA CON RED', '08/08/2017', '08/08/2017', 'PROBLEMAS CON EL SWICHT DEL AREA DE COMERCIAL', 0, 3),
(257, 'CAMBIO DE CABLE DE RED, EL CUAL SE ENCUENTRA DAÑADO', '09/08/2017', '09/08/2017', 'SE CAMBIA EL CABLE DE RED Y SE DEJA CON INTERNET EL PUNTO DE RED', 0, 26),
(258, 'EDWARD. EL DIA 8 DE AGOSTO LLEGÓ EL SERVIDOR. FAVOR INSTALARLO A LA MENOR BREVEDAD Y VERIFICAR QUE CUMPLA CON LAS CONDICIONES DE COMPRA.\n\nGRACIAS', '09/08/2017', '09/08/2017', 'SE ESTAN REALIZANDO PRUEBAS DE CONFIGURACION ', 0, 11),
(260, 'URGENTE REVISION EQUIPO DE ALUTAL, ESTA PREENTANDO FALLAS. URGENTE ', '14/08/2017', '14/08/2017', 'SE CAMBIA EL COMPUTADOR DEL ALUTAL ', 0, 3),
(262, 'BUENOS DIAS. NO ME DEJA INGRESAR A SIIGO. DICE QUE NO ESTOY CONECTADA A RED. ADICIONALMENTE SE DESCONFIGURÓ EL INGRESO A COLPATRIA POR INTERNET. GRACIAS,', '17/08/2017', '17/08/2017', 'SE REVISA LA CONFIGURACION DE LA RED Y SE REVISA EL INGRESO A COLPATRIA Y SIIGO', 0, 11),
(264, 'BUENOS DIAS. CONTINUO CON PROBLEMAS CON EL OUTLOOK. NO ME SALEN LOS MAILS Y NO ME ESTAN LLEGANDO LOS DE PESCADERO. GRACIAS,\n', '18/08/2017', '18/08/2017', 'SE CONFIGURA EL SERVIDOR DE SALIDA DE CORREOS', 0, 11),
(265, 'BUENOS DIAS EDUAR\nFAVOR COMPARTIR CARPETA DE CREACION DE \nCLIENTES DE LEIDY CON MIGO.... AUXILIAR DE COSTOS SOLO ESTA COMPARTIDA CON FREDDY.....LE AGRADECERIA LO MAS PRONTO YA QUE TODOS LOS DIAS SE CREAN CLIENTES Y ESO DEBE SER UN PROCESO RAPIDO', '22/08/2017', '22/08/2017', 'SE HABILITA LA CARPETA EN LA RED LA DE CREACION DE CLIENTES', 0, 18),
(267, 'JEFE DE BODEGA NO TIENE RED', '24/08/2017', '24/08/2017', 'DESCONFIGURACION DE RED SE ASIGNA LA IP MANUAL Y QUEDA CON INTERNET', 0, 3);
INSERT INTO `peticiones_soporte` (`id`, `peticion`, `fecha_ini`, `fecha_fin`, `solucion`, `estado`, `usuario_id`) VALUES
(276, 'FAVOR RECARGAR LA TINTA DE LA IMPRESORA. TIENE MENOS DE DUN DEDO DE TYINTA NEGRA. IGUALMENTE FAVOR REVISAR LA IMPRESORA DE COMERCIAL, YA QUE EL AMARILLO NO ESTÁ IMPRIMIENDO.\n\nGRACIAS', '04/09/2017', '04/09/2017', 'SE RECARGAN LAS TINTAS Y SE LE HACE ALINEACION A LA IMPRESORA DE COMERCIAL', 0, 11),
(277, 'EDWARD. NECESITO QUE POR FAVOR ME CONECTE LA PANTALLE DEL PC DE CALIDAD Y CREAR EL ACCESO DIRECTO DESDE MI PC. ES URGENTE. HAT QUE MODIFICAR UNAS FICHAS.\n\nGRACIAS,', '05/09/2017', '05/09/2017', 'SE CONECTA LA PANTALLA Y SE LE DEJA CONFIGURADO EL ACCESO DIRECTO', 0, 11),
(278, 'EL EQUIPO DE JEFE DE PATIOS TIENE CONFLICTO CON LA IP Y NO PUEDE INGRESAR A NINGUN PROGRAMA ', '06/09/2017', '06/09/2017', 'SE COLOCA LA IP AUTOMATICA', 0, 3),
(279, 'BUENAS TARDES... LA IMPRESORA DEL DPTO COMERCIAL EPSON L555 NO IMPRIME EN LOS COLORES CORRECTOS DESPUES DE REALIZADA LA RECARGA DE LOS CARTUCHOS. \n\nGRACIAS', '07/09/2017', '07/09/2017', 'SE REALIZA ALINEACION DE LOS CARTUCHOS ', 0, 27),
(282, ' [!! SPAM]LA MAYORIA DE LOS CORREOS INGRESAN CON ESTA DENOMINACION Y NO ESTAN INGRESANDO MUCHOS E IMPORTANTES ', '11/09/2017', '11/09/2017', 'SE LLAMA AL SERVIDOR DE CORREO PARA VOLVER A AJUSTAR LOS PERMISO DE CORREOS SPAM', 0, 3),
(284, 'HOLA EDUAR BUENOS DIAS\n\nFAVOR REALIZAR UNA REVISION DE MI CORREO ES QUE ESTA PIDIENDOME UNA CONTRASEÑA Y NO PUEDO NI RECIBIR NI ENVIAR . \n\nAGRADEZCO ME COLABORE \n\nGRACIAS ', '11/09/2017', '11/09/2017', 'SE VUELVE A INGRESAR LA CONTRASEÑA AL OUTLOOK ', 0, 31),
(285, 'HOLA PO FAVOR SOLICITAMOS NOS COLABORE CON LA IMPRESORA PUES NO ESTA IMPRIMIENDO .... NADA ...\n\nCORDIALMENTE;\n\nSINDY G', '11/09/2017', '11/09/2017', 'SE ALINEAN LOS CARTUCHOS Y SE LIMPIA EL CABEZAL', 0, 7),
(286, 'REVISIÓN URGENTE PORTÁTIL  DIRECTORA COMERCIAL NORALBA PEREZ', '13/09/2017', '13/09/2017', 'SE ENCUENTRA PARTIDA LA BASE,TAPA Y PIN DE CARGA ', 0, 27),
(290, 'REVISAR EQUIPO YA QUE EL DIA DE HOY SE A REINICIADO 3 VECES EL DIA DE HOY Y NO GUARDA CAMBIO EN EXCELL AL MOMENTO DE APAGARCE', '14/09/2017', '14/09/2017', 'SE CAMBIA LA FUENTE DE PODER POR DAÑOS ', 0, 3),
(291, 'URGENTE REVISION SERVIDOR COMPRTAIDOS E PESCADERO SE ESTA REINICIANDO MUY SEGUIDO Y BOTAR', '21/09/2017', '21/09/2017', 'SERVIDOR PESCADERO SE LE DECARGA LA COPIA DE SEGURIDAD Y SE APAGA DEFINITIVAMENTE', 0, 3),
(292, 'SE SOLICITA NUEVAMENTE LA REVISIÓN SOBRE EL ASUNTÓ YA QUE AL PROVEEDOR LE LLEGÓ QUE HABÍA SIDO REGISTRADO Y EN NUESTRA BASE DE DATOS NO REGISTRA.', '22/09/2017', '22/09/2017', 'SE REVISA LA BASE DE DATOS EÑ REGISTRO DEL PROVEEDOR Y SI APARECE REGISTRADO', 0, 3),
(294, 'HOLA EDUAR\nNO PODEMOS ACCEDES A LOS DATOS QUE ESTABAN    EN LOS COMPARTIDOS DE MILENA EN RED EN //SERVIDOR AHI ES DONDE YO ACCEDIA, FREDDY LE PREGUNTO A MILENA Y NOS DIJO QUE LE MANDARA UNA SOLICITUD A USTED', '26/09/2017', '26/09/2017', 'SE HABILITAN PERMISOS A SOLICITUD', 0, 18),
(300, 'NO PUEDO IMPRIMIR DEL SIIGO Y LA OTRA IMPRESORA TAMPOCO FUNCIONA', '04/10/2017', '04/10/2017', 'SE HACE REVISION DE LAS IMPRESORAS Y SE DEJAN IMPRIMIENDO', 0, 3),
(303, 'CORDIAL SALUDO,\n\nPOR MEDEIO DEL PRESENTE ME DIRIJO A USTED CON EL FIN DE SOLICITAR LA VISUALIZACION DE LA RED DE CONTABLILIDAD PARA CONSULTAR CONCESCUTIVO DE COMPRAS. EL MENSAJE QUE APARECE ES : LA UNIDAD DE CONEXION A LA QUE SE REFIERE EL ACCESO DIRECTO CONSECUTIVO NO ESTA DISPONIBLE. \n\nAGRADEZCO SU COLABORACION. ', '05/10/2017', '05/10/2017', 'SE ASIGNAN PERMISOS EN LA RED PARA EL ACCESO A LA CARPETA SOLICITADA', 0, 14),
(305, 'LASA CARPEETAS QUE COMPARTIAA CON ADRIANA REYES ELLA NO LAS PUEDED VER', '06/10/2017', '06/10/2017', 'SE LE CONFIGURA LA CONTRASEÑA Y USUARIOS ASIGNADOS', 0, 3),
(309, 'BUEN DIA\n\n\nNO TENEMOS INTERNET', '12/10/2017', '12/10/2017', 'PROBLEMAS CON EL PROVEEDOR DE INTERNET SE CAMBIA LA CONFIGURACION AL INTERNET DE MOVISTAR', 0, 12),
(313, 'BUENOS DIAS,   AGRADEZCO POR FAVOR COLABORARME PARA PODER OBTENER EN COMPARTIDOS LA CARPETA DE ENTREGA DE FACTURAS DE ALMACEN.', '19/10/2017', '19/10/2017', 'SE LE ASIGNAN PERMISO PARA CONECTARSE A LA CARPETA', 0, 2),
(319, 'NO TENGO INTERNET', '30/10/2017', '30/10/2017', 'PROBLEMAS CON EL PROVEEDOR DE CLARO', 0, 12),
(321, 'URGENTE COMERCIAL NO TIENE INTERNET', '31/10/2017', '31/10/2017', 'PROBLEMAS CON EL PROVEEDOR DE CLARO', 0, 3),
(323, 'FAVOR REVISAR MI IMPRESORA YA Q DEDEBIDO AL AGUACERO DE LA MADRUGADA SE FILTRO AGUA POR EL DUCTO Y SE MOJO TODA AUN NO LA HE ENCENDIDO POR TEMOR A CAUSAR UN DAÑO', '02/11/2017', '02/11/2017', 'SE LE HACE MANTENIMENTO Y SE DEJA SECANDO ', 0, 7),
(324, 'ERROR DE DESAJUSTE AL IMPRIMIR EN DOCUMENTO SIIGO P004, FUERA DE RANGO EXTREMADAMENTE \nGRANDE.', '03/11/2017', '03/11/2017', 'SE LLAMA A SIIGO PARA CONFIGURACION', 0, 2),
(326, 'BUENOS DIAS. TESORERIA Y GERENCIA ADMINISTRATIVA, ESTAMOS SIN INTERNET. FAVOR COLABORARNOS YA QUE DEBEMOS INGRESAR A LOS BANCOS.\n\nGRACIAS.', '07/11/2017', '07/11/2017', 'PROBLEMAS CON LAS REDES DE MOVISTAR POR ROBO DEL CABLEADO', 0, 11),
(328, 'REVISION DE LA IMPRESORA HP 8610 YA QUE ESTA DEMORNADO MUCHO EN IMPRIMIR Y ESTA ATASCANDO LAS HOJAS ', '08/11/2017', '08/11/2017', 'SE CONFIGURA LA IMPRESORA POR CABLE USB', 0, 3),
(335, 'EL DIA 16 DE NOVIEMBRE SE DEBERA REALIZAR EL TRASLADO DEL EQUIPO DE SGSST Y EL EQUIPO DE CALIDAD PARA LA OFICNA DE PRODCUCCION.\nSE DEBERA INSTALAR LA IMPRESORA A COLOR QUE ESTA EN MINAS AL PUESTO DE CALIDAD.\nSE DEBERA ENTREGAR COPIA DE CADA UNO DE LOS EQUIPOS AL AREA DE PERSONAL.\nHACER ACTAS DE ENTREGA DE CADA UNO LOS PROCEDIMIENTOS.', '15/11/2017', '18/11/2017', 'SE HACE EL TRASLADO DEL EQUIPO Y SE LES CONFIGURA RED Y TELEFONO LA LINEA 135', 0, 3),
(343, 'BUENOS DIAS\n\nSE ESTA CAYENDO LA RED\nNO TENGO INTERNET Y DEBO PRESENTAR IMPUESTOS\n\nGRACIAS', '21/11/2017', '21/11/2017', 'SE CAMBIA LA IP AL PROVEEDOR CLARO', 0, 12),
(346, 'HOLA BUENOS DIAS , FAVOR SOLICITAMOS SOPORTE URGENTE EN LA IMPRESORA ADMON; ASI MISMO SABER COMO VA EL PROCESO DE REPARACION DE LA IMPRESORA DE TESORERIA YA Q MAÑANA DEBO ELABORAR CHEQUES Y TENGO ACUMULADO IMPRESION DE P26 ... AGRADEZCO PRONTA RESPUESTA ...', '30/11/2017', '30/11/2017', 'SE DESTAPAN CABEZALES DE IMPRESION Y SE DEJA TRABAJANDO', 0, 7),
(349, 'SOLICITO SU COLABORACION PARA CUANDO ESTE NE LA EMPRESA PASE POR MI OFICINA PARA HACERLE UNAS PREGUNTAS PERTINENTES A LA RED, PUES CONTANTOS UNIDADES DE RED REPETIDAS Y LA INFORMACION NO ES LA MISMA ESTOY CONFUNDIDA, ADEMAS QUE NO ENCUENTRO ACCESO A INFORMES QUE HACES OTROS DEPARTAMENTS Y QUE YO NECESITO CONSOLIDADR PARA ENTREGAR INFORME AL DR BARCO. NO SE SI ES DESCONOCIMIENTO PROPIO PERO LE PIDO POR FAVOR SU COLABORACION\nGRACIAS', '07/12/2017', '07/12/2017', 'SE VUELVE A INSTALAR EL TONER NUEVO SE DEJA PROBADA', 0, 12),
(351, 'EQUIPO DE LABORATORIO NO PRENDIO. LA PANTALLA ESTA TOTALMENTE NEGRA ', '04/01/2018', '04/01/2018', 'CAMBIO DE MEMORIA RAM ', 0, 3),
(353, 'EL COMPUTADOR NO ESTA ABRIENDO LOS PDF DIRECTAMENTE, ME TOCA ABRIRLO CON GOOGLE CHROME', '09/01/2018', '09/01/2018', 'SE CONFIGURA EL ADOBE READER PARA ABRIR PDF', 0, 17),
(360, 'REVISAR EL PC DE APRENDIZ SENA NO PUEDE ABRIR BASE DE DATOS DE PROVEEDORES ', '23/01/2018', '23/01/2018', 'SE HABILITAN PERMISOS DE USUARIO A LA CARPETA DE PROVEEDORES', 0, 3),
(361, 'SOLICITO EL ACCESO A LA CARPETA SISTEMA PARA LA ACTULIZACION DE EL EJECUTABLE MODULO DE COMPRAS E INSTALAR LAS BASES DEL PROGRAMA SOLICITUDES DE COMPRAS', '24/01/2018', '24/01/2018', 'SE HABILITAN LOS PERMISOS  A LA CARPETA SISTEMA', 0, 1),
(362, 'BUENOS DIAS EDUAR \n\nAGRADEZCO ME COLABORE PORFAVOR CON LA IMPRESORA HP 8600 DE ADMON QUE ESTA PRESENTANDO INCONVENIENTES A LA HORA DE IMPRIMIR Y COPIAR PUES SOLO LAS SACA HASTA LA MITAD .\n\nSOLICITO UNA REVSION Y QUEDO ATENTA \n\nGRACIAS', '29/01/2018', '29/01/2018', 'SE REALIZA REVISION DE LA IMPRESORA SE VUELVE A CONFIGURAR PARA ', 0, 31),
(363, 'EXCELL DEL EQUIPO DE APRENDIZ SENA SE BLOQUEA Y BLOQUEA EL EQUIPO COMPLETO.', '29/01/2018', '29/01/2018', 'SE LE CAMBIA EL EQUIPO A LA PASANTE SENA', 0, 3),
(365, 'BUENAS TARDES EDWAR LA COMPUTADORA DESDE LA MAÑANA DE UN MOMENTO A OTRO SE COLOCO EN BLANCO Y NEGRO. POR FAVOR PUEDE REVISARLA ', '30/01/2018', '30/01/2018', 'SE CONFIGURA EL PERFIL DE USUARIO QUE FUE CAMBIADO A BLANCO Y NEGRO', 0, 6),
(366, 'EDWATD BUENAS TRADES. LA IMPRESORA OTRA VEZ ESTA FALLANDO, IMPRIME SOLO LA MITAD DEL DOCUEMNTO. ', '30/01/2018', '30/01/2018', 'SE ACTUALIZA FIRMWARE Y SE DEJA EN PRUEBA ', 0, 11),
(368, 'BUENAS TARDES EDUAR\n\n SOLICITO MANTENIMIENTO DE LA IMPRESORA SIIGO , PPRESENTA INCOVENIENTES A LA HORA DE IMPRIMIR LAS TIRILLAS DE NOMINA.\nAGRADEZCO SU COLABORACION FRENTE A LA PRESENTE.\n\nQUEDO ATENTA', '01/02/2018', '01/02/2018', 'SE REALIZA MANTENIMIENTO PERO SE ENCUENTRA QUE PRESENTA DESGASTE DE LAS PIEZAS DE CARRO TRACTOR', 0, 31),
(369, 'BUEN DIA, INGENIERO EDWAR\n\nUN FAVOR, LA IMPRESORA ESTA PIDIENDO TINTA ME PODRIAS COLABORAR CON EL LLENADO.\n\nGRACIAS!', '02/02/2018', '02/02/2018', 'SE RECARGAN TODAS LAS TINTAS DE LA IMPRESORA', 0, 6),
(371, 'EL PROGRAMA DE PROVEEDORES NO PERMITE REVISAR LOS ADJUNTOS. AL AREA DE CONTABILIDAD.\nPARA LA AUDITORIA ESTE MODULO DEBE ESTAR FUNCIONANDO.', '05/02/2018', '05/02/2018', 'SE GENERA UNA REVISION Y SE ENCUENTRA QUE FALTAN ARCHIVOS POR ADJUNTAR', 0, 3),
(372, 'BUENOS DÍAS SOLICITO MUY AMABLEMENTE LA INSTALACIÓN DEL PROGRAMA DE SOLICITUD DE COMPRAS PARA REALIZAR LA SOLICITUD DE ESTE MES.\nGRACIAS', '07/02/2018', '07/02/2018', 'SE HABILITA LA CARPETA DE SISTEMA PARA LA ACTUALIZACION E INSTALACION DEL SISTEMA DE SOLICITUDES DE COMPRA', 0, 25),
(373, 'EDWAR BUENAS TARDES, POR FAVOR EL MARTES ME PUEDE COLABORAR CON LA INSTALACION DEL SOFTWARE DE LA SUPER PARA ENVIO DEL CALCULO ACTUARIA, YA QUE EL DIA DE HOY NO PUDE INSTALAR POR EL JAVA Y OTROS PERMISOS, MIL GRACIAS', '18/03/2018', '18/03/2018', 'PROBLEMAS CON EL JAVA SE INSTALA LA VERSION PARA EL STORM', 0, 12),
(376, 'BUENAS TARDES, EL MOTIVO DE LA SOLICITUD ES PARA QUE POR FAVOR REVISE LA IMPRESORA DE EPSON YA QUE NO QUIERE NI IMPRIMIR NI SACAR COPIAS.', '22/03/2018', '22/03/2018', 'SE RETIRA LA IMPRESRA POR DAÑO DE LA TARJETA DE IMPRESRION', 0, 6),
(377, 'CONFIGURACION DE IMPRESORA AL EQUIPO DE COCCION', '23/03/2018', '25/03/2018', 'SE CONFIGURO LA IMPRESORA DE SECADO A ESTE EQUIPO', 0, 20),
(379, 'CONTINUO CON EL PROBLEMA DE QUE SE ME APAGA EL PC MIENTRAS ESTA IVERNANDO.', '10/04/2018', '', '', 1, 11),
(380, 'REVISIÓN IMPRESORA DEPARTAMENTO COMERCIAL', '11/04/2018', '', '', 1, 27),
(381, 'URGENTE. MI PC, CONTINUA CON EL PROBLEMA DE QUE QUEDA IVERNANDO Y NO DA NINGUN TIPO DE SENAL. TOCA APAGARLO A LAS MALAS.  FAVOR ARREGLAR ESTE INCONVENIENTE.', '13/04/2018', '', '', 1, 11),
(382, 'BUEN DIA INGE... UN FAVOR... EL PC NO ENCIENDE, ME PUEDES COLABORAR EN REVISARLO.', '14/04/2018', '', '', 1, 6),
(383, 'INGENIERO BUEN DIA POR FAVOR ME PUEDES COLABORAR REVISANDO EL PC DE MEJORA CONTINUA QUE HOY TAMPOCO QUIERE ENCENDER... GRACIAS', '16/04/2018', '', '', 1, 6),
(384, 'SE SOLICITA LIMPIEZA \nDE TECLADO DEL EQUIPO', '16/04/2018', '', '', 1, 1),
(385, 'EN EL PROGRAMA DE PROVEEDORNO ME DEJA ACTUALIZAR LOS DOCUMENTOS Y NECESITO URGENTE PARA ACTUALIZARLOS.\n\nATT: EDNA VALDERRAMA\nASISTENTE DE COMPRAS', '17/04/2018', '', '', 1, 3),
(386, 'POR FAVOR\nNO PUDE DESCARGAR PREVALIDADOR DE MEDIOS ELECTRONICOS \nDIAN.\n ', '19/04/2018', '', '', 1, 2),
(387, 'POR FAVOR REVISAR EQUIPO DE COMPUTO DE SECADO, LA PANTALLA SE PUSO BLANCO ', '24/04/2018', '', '', 1, 24),
(388, 'HOLA EDWAR BUENOS DIAS\n\nES PARA SOLICITARLE POR FAVOR, SI PUEDE VENIR A MIRAR LA IMPRESORA QUE NO ME QUIERE IMPRIMIR.\n\nATT: EDNA VALDERRAMA \nASISTENTE DE COMPRAS ', '27/04/2018', '', '', 1, 3),
(389, 'BUEN DIA URGENTE NECESITO SOPORTE TECNICONO TENGO ACCESO A INTERNET URGENTEEEEE', '10/05/2018', '', '', 1, 7),
(390, 'LA PRESENTE ES PARA SOLICITAR REVISION DEL EQUIPO DEL AREA DE PERSONAL, DEBIDO A MENSAJE ACTULAIZACION DE OFFICE PROFESIONAL PLUS 2013\n', '15/05/2018', '', '', 1, 9),
(391, 'EQUIPO DE APRENDIZ SENA NO PRENDE', '16/05/2018', '', '', 1, 3),
(392, 'NO FUNCIONA EL TOKEN DE FIRMA DIGITAL.  URGENTE AYUDA', '16/05/2018', '', '', 1, 29),
(393, 'BUENA TARDE INGENIRO POR FAVOR SOLICITO REVISION DE LA IMPRESORA ME DICE QUE EL NIVEL DE TINTA ES BAJO PERO YO LE OBSERVO BUEN NIVEL DE TINTA. GRACIAS', '17/05/2018', '', '', 1, 6),
(394, 'REVISIÓN TINTA IMPRESORA COMERCIAL ', '21/05/2018', '', '', 1, 27),
(395, 'BUENOS DIAS. ME DESCONECTA EL SISTEMA DE SIIGO. LAS LETRAS DE EXCELL SE VEN BORROSAS. NO PUEDO VER EL ESTADO DE TODAS LAS SOLICTUDES DE LA FABRICA, NI EL ESTADO DE LOS PCS. NECESITO UN INFORME CON EL ESTADO DE MANTENIMIENTO DE LOS PC.S GRACIAS', '22/05/2018', '', '', 1, 11),
(396, 'HOLA EDWAR BUENAS TARDES \n\nES PARA PEDIRLE EL FAVOR QUE NOS ELIMINE EL PROVEEDOR RODAMIENTOS Y RESPUESTOS MUNDIALES S.A, DE LA BASE DE DATOS DE LOS PROVEEDORES QUE NO NOS PERMITE MODIFICARLO.\n\nATT: ASISTENTE DE COMPRAS', '23/05/2018', '', '', 1, 3),
(397, 'EL EQUIPO DEL APRENDIZ SENA, EL DIA DE HOY NO TIENE ACCESO A INTERNET, SOLICITAMOS COLABORAICON AL RESPECTO.\n\nGRACIAS,', '25/05/2018', '', '', 1, 2),
(398, 'LA PRESENTE ES PARA SOLICITAR REVISION DEL PC , PORQUE ESTA PRESENTANDO INCOVENIENTES\n\nEL PANTALLAZO DEL ERROR SE ENVIO VIA WHATSAPP', '25/05/2018', '', '', 1, 9),
(399, 'EL DIA DE HOY AL INICIAR EL PC, EL ANTIVIRUS NO SE ACTIVO.\n\nSOLICITE EL FAVOR A JORGE SIERRA Y EL PROCEDIO A ACTIVARLO.\n\nFAVOR REVISAR MI PC', '29/05/2018', '', '', 1, 9),
(400, 'BUENOS DIAS, QUIERO REPORTAR QUE MI CORREO CORPORATIVO NO ENVIA LOS MENSAJES, Y EN LA MAYORIA DEL TIEMPO ES LENTO PARA RECIBIR CORREOS ELECTRONICOS.\nGRACIAS', '29/05/2018', '', '', 1, 26),
(401, 'REVSION, ARREGLO Y MANTENIMIENTO IMPRESORA EPSON FX890', '29/05/2018', '', '', 1, 3),
(402, 'BUENOS DIAS, POR FAVOR REVISAR EQUIPO DE PLANEACION Y DIRECCION DE LA PDROUDCCION ', '30/05/2018', '', '', 1, 24);

-- --------------------------------------------------------

--
-- Estructura de tabla para la tabla `red`
--

CREATE TABLE IF NOT EXISTS `red` (
`id` int(11) NOT NULL,
  `ip` varchar(45) NOT NULL,
  `masc` varchar(45) NOT NULL,
  `puertaEnlace` varchar(45) NOT NULL,
  `dns1` varchar(45) NOT NULL,
  `dns2` varchar(45) NOT NULL,
  `cargo_id` int(11) NOT NULL
) ENGINE=InnoDB  DEFAULT CHARSET=utf8 AUTO_INCREMENT=31 ;

--
-- Volcado de datos para la tabla `red`
--

INSERT INTO `red` (`id`, `ip`, `masc`, `puertaEnlace`, `dns1`, `dns2`, `cargo_id`) VALUES
(1, '192,168,0,130', '255,255,255,0', '192,168,0,1', '192,168,0,1', 'n/a', 1),
(2, '192,168,0,148', '255,255,255,0', '192,168,0,1', '192,168,0,1', 'n/a', 2),
(3, '192,168,0,55', '255,255,255,0', '192,168,0,1', '192,168,0,1', 'n/a', 3),
(4, '192,168,0,50', '255,255,255,0', '192,168,0,1', '192,168,0,1', 'n/a', 4),
(5, '192.168.1.57', '255,255,255,0', '192,168,0,1', '192,168,0,1', 'n/a', 5),
(6, '192,168,0,67', '255,255,255,0', '192,168,0,1', '192,168,0,1', 'n/a', 6),
(7, '192,168,0,123', '255,255,255,0', '192,168,0,1', '192,168,0,1', 'n/a', 7),
(8, '192,168,0,253', '255,255,255,0', '192,168,0,1', '192,168,0,1', 'n/a', 8),
(9, '192,168,0,116', '255,255,255,0', '192,168,0,1', '192,168,0,1', 'n/a', 9),
(10, '192.168.1.106', '255.255.255.0', '192.168.1.1', '192.168.1.1', 'n/a', 10),
(11, '192,168,0,63', '255,255,255,0', '192,168,0,1', '192,168,0,1', 'n/a', 11),
(12, 'AUTOMATICA', '255,255,255,0', '192,168,0,1', '192,168,0,1', 'n/a', 12),
(13, '192.168.0.64', '255,255,255,0', '192,168,0,1', '192,168,0,1', 'n/a', 13),
(14, '192.168.0.188', '255,255,255,0', '192,168,0,1', '192,168,0,1', 'n/a', 14),
(15, '192.168.0.62', '255,255,255,0', '192,168,0,1', '192,168,0,1', 'n/a', 15),
(16, '192.168.0.158', '255,255,255,0', '192,168,0,1', '192,168,0,1', 'n/a', 16),
(17, '192.168.0.138', '255,255,255,0', '192,168,0,1', '192,168,0,1', 'n/a', 17),
(18, 'AUTOMATICA', '255,255,255,0', '192,168,0,1', '192,168,0,1', 'n/a', 18),
(19, 'AUTOMATICA', 'AUTOMATICA', 'AUTOMATICA', 'AUTOMATICA', 'n/a', 19),
(20, '192,168,0,108', '255,255,255,0', '192,168,0,1', '192,168,0,1', 'n/a', 20),
(21, '192.168.0.54', '255,255,255,0', '192,168,0,1', '192,168,0,1', 'n/a', 21),
(22, '192.168.0.59', '255,255,255,0', '192,168,0,1', '192,168,0,1', 'n/a', 22),
(23, '192.168.1.78', '255,255,255,0', '192,168,1,1', '192,168,1,1', 'n/a', 23),
(24, 'AUTOMATICA', '255,255,255,0', '192,168,0,1', '192,168,0,1', 'n/a', 24),
(25, '192.168.1.114', '255,255,255,0', '192,168,1,1', '192,168,1,1', 'n/a', 25),
(26, '192.168.0.61', '255,255,255,0', '192,168,0,1', '192,168,0,1', 'n/a', 26),
(27, '192.168.0.185', '255,255,255,0', '192,168,0,1', '192,168,0,1', 'n/a', 27),
(28, '192,168,0,139', '255,255,255,0', '192,168,0,1', '192,168,0,1', 'n/a', 28),
(29, '192.168.0.2', '255,255,255,0', '192,168,0,1', '192,168,0,1', 'n/a', 29),
(30, '192.168.1.148', '255.255.255.0', '192.168.1.1', '200.21.200.10', '200.21.200.80', 31);

-- --------------------------------------------------------

--
-- Estructura de tabla para la tabla `software`
--

CREATE TABLE IF NOT EXISTS `software` (
`id` int(11) NOT NULL,
  `sistemaOperativo` varchar(45) NOT NULL,
  `antivirus` int(11) NOT NULL,
  `ofimatica` varchar(45) NOT NULL,
  `paqueteContable` varchar(45) NOT NULL,
  `otros` varchar(45) NOT NULL,
  `cargo_id` int(11) NOT NULL
) ENGINE=InnoDB  DEFAULT CHARSET=utf8 AUTO_INCREMENT=31 ;

--
-- Volcado de datos para la tabla `software`
--

INSERT INTO `software` (`id`, `sistemaOperativo`, `antivirus`, `ofimatica`, `paqueteContable`, `otros`, `cargo_id`) VALUES
(1, 'Windows 8.1 Professional (x64)', 2, 'Microsoft  Office 2013', 'NO', 'Adobe reader, Google Chrome ', 1),
(2, 'Windows 8.1 Professional (x64)', 2, 'Microsoft  Office 2013', 'Siigo', 'Adobe reader, Google Chrome ', 2),
(3, 'Windows 7 Professional', 2, 'Microsoft  Office Enterprise 2007', 'Siigo', 'Adobe reader, Google Chrome ', 3),
(4, 'Windows 8.1 Professional (x64)', 2, 'Microsoft  Office Version 15', 'Siigo', 'Adobe reader, Google Chrome ', 4),
(5, 'Windows 8.1 Professional (x64)', 2, 'Microsoft  Office 2013', 'Siigo', 'Adobe reader, Google Chrome ', 5),
(6, 'Windows 8 Professional (x64)', 2, 'Microsoft  Office 2013', 'Siigo', 'Adobe reader, Google Chrome ', 6),
(7, 'Windows 8 Professional (x64)', 2, 'Microsoft  Office 2013', 'Siigo', 'Adobe reader, Google Chrome ', 7),
(8, 'Windows 8 (x64)', 2, 'Microsoft  Office Source', 'Siigo', 'Adobe reader, Google Chrome ', 8),
(9, 'Windows 8.1 Single Language', 2, 'Microsoft  Office 2013', 'Siigo', 'Adobe reader, Google Chrome ', 9),
(10, 'Windows XP Professional', 2, 'Microsoft  Office 2013', 'NO', 'Adobe reader, Google Chrome ', 10),
(11, 'Windows 8.1 Single Language (x64)', 2, 'Microsoft  Office 2013', 'NO', 'Adobe reader, Google Chrome ', 11),
(12, 'Windows 8.1 Single Language (x64)', 2, 'Microsoft  Office 2013', 'NO', 'Adobe reader, Google Chrome ', 12),
(13, 'Windows 8.1 Single Language (x64)', 2, 'Microsoft  Office 2013', 'NO', 'Adobe reader, Google Chrome ', 13),
(14, 'Windows 7 Professional (x64)', 2, 'Microsoft Office 2007', 'NO', 'Adobe reader, Google Chrome ', 14),
(15, 'Windows 7 Professional (x64)', 2, 'Microsoft Office 2007', 'Siigo', 'Adobe reader, Google Chrome ', 15),
(16, 'Windows 7 Professional', 2, 'Microsoft  Office 2003', 'Siigo', 'Adobe reader, Google Chrome ', 16),
(17, 'Windows 8.1 (x64)', 2, 'Microsoft  Office 2013', 'NO', 'Adobe reader, Google Chrome ', 17),
(18, 'Windows 8.1 (x64)', 2, 'Microsoft  Office 2013', 'NO', 'Adobe reader, Google Chrome ', 18),
(19, 'Windows 8.1 (x64)', 2, 'Microsoft Office 2007', 'NO', 'Adobe reader, Google Chrome', 19),
(20, 'Windows Vista Business Service Pack 2', 2, 'Microsoft Office 2007', 'NO', 'Adobe reader, Google Chrome ', 20),
(21, 'Windows XP Professional', 2, 'Microsoft - Office 2010', 'NO', 'Adobe reader, Google Chrome ', 21),
(22, 'Windows 7 Professional (x64)', 2, 'Microsoft Office 2007', 'NO', 'Adobe reader, Google Chrome ', 22),
(23, 'Windows XP Professional', 2, 'Microsoft Office 2007', 'NO', 'Adobe reader, Google Chrome ', 23),
(24, 'Windows 7 Professional (x64)', 2, 'Microsoft  Office 2003', 'NO', 'Adobe reader, Google Chrome ', 24),
(25, 'Windows 7 Professional (x64)', 2, 'Microsoft Office 2007', 'NO', 'Adobe reader, Google Chrome ', 25),
(26, 'Windows 7 Professional (x64)', 2, 'Microsoft Office 2007', 'NO', 'Adobe reader, Google Chrome ', 26),
(27, 'Windows 7 Professional (x64)', 2, 'Microsoft  Office 2013', 'NO', 'Adobe reader, Google Chrome ', 27),
(28, 'Windows 8.1 Single Language (x64)', 2, 'Microsoft Office 2007', 'NO', 'Adobe reader, Google Chrome ', 28),
(29, 'Windows 2000 Server', 2, 'Microsoft  Office 2003', 'NO', 'Adobe reader, Google Chrome ', 29),
(30, 'Windows 8.1 (x64)', 2, 'Microsoft Office 2007', 'NO', 'Adobe reader, Google Chrome', 31);

-- --------------------------------------------------------

--
-- Estructura de tabla para la tabla `teclado`
--

CREATE TABLE IF NOT EXISTS `teclado` (
`id` int(11) NOT NULL,
  `marca` varchar(45) NOT NULL,
  `serial` varchar(45) NOT NULL,
  `observacion` varchar(300) NOT NULL,
  `estado` int(11) NOT NULL,
  `cargo_id` int(11) NOT NULL
) ENGINE=InnoDB  DEFAULT CHARSET=utf8 AUTO_INCREMENT=31 ;

--
-- Volcado de datos para la tabla `teclado`
--

INSERT INTO `teclado` (`id`, `marca`, `serial`, `observacion`, `estado`, `cargo_id`) VALUES
(1, 'HP', '105460', '', 0, 1),
(2, 'DELL', '006A-A00', '', 0, 2),
(3, 'HP', 'B075824', '', 0, 3),
(4, 'DELL', '00XF-A00', '', 0, 4),
(5, 'DELL', '0208-A00', '', 0, 5),
(6, 'DELL', '314-0Y33', '', 0, 6),
(7, 'DELL', '0DNT-00A', '', 0, 7),
(8, 'DELL', '00HF-A00', '', 0, 8),
(9, 'DELL', '00R5-A00', '', 0, 9),
(10, 'DELL', '00HS-SEA', '', 0, 10),
(11, 'DELL', '00HS-457', '', 0, 11),
(12, 'NO APLICA', 'NO APLICA', '', 0, 12),
(13, 'DELL', '00EM-A00', '', 0, 13),
(14, 'GENIUS', '0DUYAS-A23', '', 0, 14),
(15, 'DELL', '0DNT-00A', '', 0, 15),
(16, 'DELL', '0056-A00', '', 0, 16),
(17, 'N/A', 'N/A', '', 0, 17),
(18, 'GENIUS', '27826B', '', 0, 18),
(19, 'N/A', 'N/A', '', 0, 19),
(20, 'GENIUS', '28Z23', '', 0, 20),
(21, 'GENIUS', '69083', '', 0, 21),
(22, 'BENQ', '000-MPI', '', 0, 22),
(23, 'GENIUS', '000-MJD', '', 0, 23),
(24, 'COMPAQ', '3892A569', '', 0, 24),
(25, 'GENIUS', '8106581', '', 0, 25),
(26, 'SAT', '250MA', '', 0, 26),
(27, 'DELL', '0C69N-71616', '', 0, 27),
(28, 'DELL', '0056-A00', '', 0, 28),
(29, 'SAT', '50586', '', 0, 29),
(30, 'HP', 'WHOA', '', 0, 31);

-- --------------------------------------------------------

--
-- Estructura de tabla para la tabla `usuario`
--

CREATE TABLE IF NOT EXISTS `usuario` (
`id` int(11) NOT NULL,
  `nombre` varchar(100) NOT NULL,
  `contrasena` varchar(100) NOT NULL,
  `roll` int(11) NOT NULL,
  `estado` tinyint(1) NOT NULL,
  `cargo_id` int(11) NOT NULL
) ENGINE=InnoDB  DEFAULT CHARSET=utf8 AUTO_INCREMENT=32 ;

--
-- Volcado de datos para la tabla `usuario`
--

INSERT INTO `usuario` (`id`, `nombre`, `contrasena`, `roll`, `estado`, `cargo_id`) VALUES
(1, 'JORGE IVAN SIERRA SUAREZ', '324ed0914094c646337cd396c15e5d6c', 2, 1, 10),
(2, 'ADRIANA ISABEL REYES SANCHEZ', '15373b9c87648a4d81164e7d8bda8acf', 2, 1, 5),
(3, 'MILENA SANCHEZ ', '0cc175b9c0f1b6a831c399e269772661', 2, 1, 3),
(4, 'ERWIN TORRES CANO', '363b122c528f54df4a0446b6bab05515', 2, 1, 17),
(5, 'SHIRLY JULIANA CARDENAS PEÑALOZA ', '95192c98732387165bf8e396c0f2dad2', 2, 1, 15),
(6, 'ELIANA PATRICIA SANABRIA CRISPIN', '42ab4c9b5dad1b4aa5afbb9fe83e63b4', 2, 1, 11),
(7, 'DIANA PAOLA CASTILLO BALLESTEROS', 'd3a6b757cb615f1a2e5cdbd312778800', 2, 1, 7),
(8, 'NORALBA PEREZ RENOGA', '67298d9ce9eda226f96098ed2ff0e48a', 2, 1, 12),
(9, 'MARISOL ANTOLINEZ DELGADO', 'eb0c24ff5cced09bcdacc5969a640069', 2, 1, 6),
(10, 'EDWARD MARTINEZ', '0cc175b9c0f1b6a831c399e269772661', 2, 1, 29),
(11, 'NORMA E. RODRIGUEZ C', '0cc175b9c0f1b6a831c399e269772661', 2, 1, 2),
(12, 'AMELIA SANCHEZ BAEZ', '65cd868eaef0a8612eb135224719eebd', 2, 1, 4),
(13, 'LEYDI JOHANNA DIAZ LOPEZ', 'a35473cf94d983e392c83b24d265f3c1', 2, 1, 16),
(14, 'SAMARI ANGELINA REYES CACERES', '2ed34a7dbd607d6d9501885c242fb5ff', 2, 1, 27),
(15, 'GUSTAVO VILLAMIZAR CUADROS', 'eaf450085c15c3b880c66d0b78f2c041', 2, 1, 22),
(16, 'ANA CECILIA BUSTOS GOMEZ', 'b052ef6ccc6794c0151ef8d9ca109932', 2, 1, 26),
(17, 'FREDDY EMILIO DELGADO CACERES', 'deb54ffb41e085fd7f69a75b6359c989', 2, 1, 8),
(18, 'EDER DANIEL VALCARCEL VANEGAS', '331382460d902d1341dc73db8b990f97', 2, 1, 9),
(19, 'JHON JAIRO GIL RODRIGUEZ', '69691c7bdcc3ce6d5d8a1361f22d04ac', 2, 1, 28),
(20, 'RICARDO MARTINEZ GELVIS', '9adebd5ae8187d5f4e725b26f8ee34c0', 2, 1, 23),
(21, 'ELIANA PATRICIA SANABRIA CRISPIN', '42ab4c9b5dad1b4aa5afbb9fe83e63b4', 2, 0, 30),
(22, 'CARLOS PEDRAZA', '904374950ee6ada47fd7169f2af62215', 2, 1, 20),
(23, 'EMILY MORA', '1e9a1d23cd3239a5c6f29c4a83822a3d', 2, 0, 19),
(24, 'DOLLY BELÉN SABOGAL VERGEL', '8356345381704f57828b0bce054dec13', 2, 1, 18),
(25, 'ELDA LUCIA BENAVIDES ALBARRACIN', 'd93591bdf7860e1e4ee2fca799911215', 2, 1, 25),
(26, 'JUAN CARLOS QUINTERO RANGEL', '4dcf435435894a4d0972046fc566af76', 2, 1, 14),
(27, 'MARIA ESPERANZA RAMIREZ MUÑOZ', 'a8c8b59b5c24369c86a95a7a8983246a', 2, 1, 31),
(28, 'JOHN JAIRO DIAZ MARQUEZ', '6a195f03ab3749c6355c1f84df4c19b1', 2, 1, 21),
(29, 'DIANA LUZMAR QUINTERO', 'fa3d30d2e1116390dbebf9ed4a141196', 2, 1, 13),
(30, 'JUAN CARLOS BARCO MONTEZUMA', 'fa3d30d2e1116390dbebf9ed4a141196', 2, 1, 1),
(31, 'MARIA FERNANDA PAEZ', 'eb0c24ff5cced09bcdacc5969a640069', 2, 1, 32);

--
-- Índices para tablas volcadas
--

--
-- Indices de la tabla `antivirus`
--
ALTER TABLE `antivirus`
 ADD PRIMARY KEY (`id`);

--
-- Indices de la tabla `calidad`
--
ALTER TABLE `calidad`
 ADD PRIMARY KEY (`id`), ADD KEY `fk_calidad_cargo1_idx` (`cargo_id`);

--
-- Indices de la tabla `cargo`
--
ALTER TABLE `cargo`
 ADD PRIMARY KEY (`id`), ADD KEY `fk_cargo_departamentos_idx` (`departamentos_id`);

--
-- Indices de la tabla `claves`
--
ALTER TABLE `claves`
 ADD PRIMARY KEY (`id`), ADD UNIQUE KEY `usuario_id_UNIQUE` (`usuario_id`), ADD KEY `fk_claves_usuario1_idx` (`usuario_id`);

--
-- Indices de la tabla `cpu`
--
ALTER TABLE `cpu`
 ADD PRIMARY KEY (`id`), ADD KEY `fk_cpu_cargo1_idx` (`cargo_id`);

--
-- Indices de la tabla `departamentos`
--
ALTER TABLE `departamentos`
 ADD PRIMARY KEY (`id`);

--
-- Indices de la tabla `impresora`
--
ALTER TABLE `impresora`
 ADD PRIMARY KEY (`id`), ADD KEY `fk_impresora_cargo1_idx` (`cargo_id`);

--
-- Indices de la tabla `monitor`
--
ALTER TABLE `monitor`
 ADD PRIMARY KEY (`id`), ADD KEY `fk_monitor_cargo1_idx` (`cargo_id`);

--
-- Indices de la tabla `mouse`
--
ALTER TABLE `mouse`
 ADD PRIMARY KEY (`id`), ADD KEY `fk_mouse_cargo1_idx` (`cargo_id`);

--
-- Indices de la tabla `peticiones_analisis`
--
ALTER TABLE `peticiones_analisis`
 ADD PRIMARY KEY (`id`), ADD KEY `fk_peticiones_analisis_usuario1_idx` (`usuario_id`);

--
-- Indices de la tabla `peticiones_soporte`
--
ALTER TABLE `peticiones_soporte`
 ADD PRIMARY KEY (`id`), ADD KEY `fk_peticiones_soporte_usuario1_idx` (`usuario_id`);

--
-- Indices de la tabla `red`
--
ALTER TABLE `red`
 ADD PRIMARY KEY (`id`), ADD KEY `fk_red_cargo1_idx` (`cargo_id`);

--
-- Indices de la tabla `software`
--
ALTER TABLE `software`
 ADD PRIMARY KEY (`id`), ADD UNIQUE KEY `cargo_id_UNIQUE` (`cargo_id`), ADD KEY `fk_Software_cargo1_idx` (`cargo_id`), ADD KEY `fk_Software_antivirus` (`antivirus`);

--
-- Indices de la tabla `teclado`
--
ALTER TABLE `teclado`
 ADD PRIMARY KEY (`id`), ADD KEY `fk_teclado_cargo1_idx` (`cargo_id`);

--
-- Indices de la tabla `usuario`
--
ALTER TABLE `usuario`
 ADD PRIMARY KEY (`id`), ADD UNIQUE KEY `cargo_id_UNIQUE` (`cargo_id`), ADD KEY `fk_usuario_cargo1_idx` (`cargo_id`);

--
-- AUTO_INCREMENT de las tablas volcadas
--

--
-- AUTO_INCREMENT de la tabla `antivirus`
--
ALTER TABLE `antivirus`
MODIFY `id` int(11) NOT NULL AUTO_INCREMENT,AUTO_INCREMENT=3;
--
-- AUTO_INCREMENT de la tabla `calidad`
--
ALTER TABLE `calidad`
MODIFY `id` int(11) NOT NULL AUTO_INCREMENT,AUTO_INCREMENT=33;
--
-- AUTO_INCREMENT de la tabla `cargo`
--
ALTER TABLE `cargo`
MODIFY `id` int(11) NOT NULL AUTO_INCREMENT,AUTO_INCREMENT=70;
--
-- AUTO_INCREMENT de la tabla `claves`
--
ALTER TABLE `claves`
MODIFY `id` int(11) NOT NULL AUTO_INCREMENT,AUTO_INCREMENT=31;
--
-- AUTO_INCREMENT de la tabla `cpu`
--
ALTER TABLE `cpu`
MODIFY `id` int(11) NOT NULL AUTO_INCREMENT,AUTO_INCREMENT=31;
--
-- AUTO_INCREMENT de la tabla `departamentos`
--
ALTER TABLE `departamentos`
MODIFY `id` int(11) NOT NULL AUTO_INCREMENT,AUTO_INCREMENT=70;
--
-- AUTO_INCREMENT de la tabla `impresora`
--
ALTER TABLE `impresora`
MODIFY `id` int(11) NOT NULL AUTO_INCREMENT,AUTO_INCREMENT=31;
--
-- AUTO_INCREMENT de la tabla `monitor`
--
ALTER TABLE `monitor`
MODIFY `id` int(11) NOT NULL AUTO_INCREMENT,AUTO_INCREMENT=31;
--
-- AUTO_INCREMENT de la tabla `mouse`
--
ALTER TABLE `mouse`
MODIFY `id` int(11) NOT NULL AUTO_INCREMENT,AUTO_INCREMENT=31;
--
-- AUTO_INCREMENT de la tabla `peticiones_analisis`
--
ALTER TABLE `peticiones_analisis`
MODIFY `id` int(11) NOT NULL AUTO_INCREMENT,AUTO_INCREMENT=94;
--
-- AUTO_INCREMENT de la tabla `peticiones_soporte`
--
ALTER TABLE `peticiones_soporte`
MODIFY `id` int(11) NOT NULL AUTO_INCREMENT,AUTO_INCREMENT=403;
--
-- AUTO_INCREMENT de la tabla `red`
--
ALTER TABLE `red`
MODIFY `id` int(11) NOT NULL AUTO_INCREMENT,AUTO_INCREMENT=31;
--
-- AUTO_INCREMENT de la tabla `software`
--
ALTER TABLE `software`
MODIFY `id` int(11) NOT NULL AUTO_INCREMENT,AUTO_INCREMENT=31;
--
-- AUTO_INCREMENT de la tabla `teclado`
--
ALTER TABLE `teclado`
MODIFY `id` int(11) NOT NULL AUTO_INCREMENT,AUTO_INCREMENT=31;
--
-- AUTO_INCREMENT de la tabla `usuario`
--
ALTER TABLE `usuario`
MODIFY `id` int(11) NOT NULL AUTO_INCREMENT,AUTO_INCREMENT=32;
--
-- Restricciones para tablas volcadas
--

--
-- Filtros para la tabla `calidad`
--
ALTER TABLE `calidad`
ADD CONSTRAINT `fk_calidad_cargo1` FOREIGN KEY (`cargo_id`) REFERENCES `cargo` (`id`) ON DELETE NO ACTION ON UPDATE NO ACTION;

--
-- Filtros para la tabla `cargo`
--
ALTER TABLE `cargo`
ADD CONSTRAINT `fk_cargo_departamentos` FOREIGN KEY (`departamentos_id`) REFERENCES `departamentos` (`id`) ON DELETE NO ACTION ON UPDATE NO ACTION;

--
-- Filtros para la tabla `claves`
--
ALTER TABLE `claves`
ADD CONSTRAINT `fk_claves_usuario1` FOREIGN KEY (`usuario_id`) REFERENCES `usuario` (`id`) ON DELETE NO ACTION ON UPDATE NO ACTION;

--
-- Filtros para la tabla `cpu`
--
ALTER TABLE `cpu`
ADD CONSTRAINT `fk_cpu_cargo1` FOREIGN KEY (`cargo_id`) REFERENCES `cargo` (`id`) ON DELETE NO ACTION ON UPDATE NO ACTION;

--
-- Filtros para la tabla `impresora`
--
ALTER TABLE `impresora`
ADD CONSTRAINT `fk_impresora_cargo1` FOREIGN KEY (`cargo_id`) REFERENCES `cargo` (`id`) ON DELETE NO ACTION ON UPDATE NO ACTION;

--
-- Filtros para la tabla `monitor`
--
ALTER TABLE `monitor`
ADD CONSTRAINT `fk_monitor_cargo1` FOREIGN KEY (`cargo_id`) REFERENCES `cargo` (`id`) ON DELETE NO ACTION ON UPDATE NO ACTION;

--
-- Filtros para la tabla `mouse`
--
ALTER TABLE `mouse`
ADD CONSTRAINT `fk_mouse_cargo1` FOREIGN KEY (`cargo_id`) REFERENCES `cargo` (`id`) ON DELETE NO ACTION ON UPDATE NO ACTION;

--
-- Filtros para la tabla `peticiones_analisis`
--
ALTER TABLE `peticiones_analisis`
ADD CONSTRAINT `fk_peticiones_analisis_usuario1` FOREIGN KEY (`usuario_id`) REFERENCES `usuario` (`id`) ON DELETE NO ACTION ON UPDATE NO ACTION;

--
-- Filtros para la tabla `peticiones_soporte`
--
ALTER TABLE `peticiones_soporte`
ADD CONSTRAINT `fk_peticiones_soporte_usuario1` FOREIGN KEY (`usuario_id`) REFERENCES `usuario` (`id`) ON DELETE NO ACTION ON UPDATE NO ACTION;

--
-- Filtros para la tabla `red`
--
ALTER TABLE `red`
ADD CONSTRAINT `fk_red_cargo1` FOREIGN KEY (`cargo_id`) REFERENCES `cargo` (`id`) ON DELETE NO ACTION ON UPDATE NO ACTION;

--
-- Filtros para la tabla `software`
--
ALTER TABLE `software`
ADD CONSTRAINT `fk_Software_antivirus` FOREIGN KEY (`antivirus`) REFERENCES `antivirus` (`id`) ON DELETE NO ACTION ON UPDATE NO ACTION,
ADD CONSTRAINT `fk_Software_cargo1` FOREIGN KEY (`cargo_id`) REFERENCES `cargo` (`id`) ON DELETE NO ACTION ON UPDATE NO ACTION;

--
-- Filtros para la tabla `teclado`
--
ALTER TABLE `teclado`
ADD CONSTRAINT `fk_teclado_cargo1` FOREIGN KEY (`cargo_id`) REFERENCES `cargo` (`id`) ON DELETE NO ACTION ON UPDATE NO ACTION;

--
-- Filtros para la tabla `usuario`
--
ALTER TABLE `usuario`
ADD CONSTRAINT `fk_usuario_cargo` FOREIGN KEY (`cargo_id`) REFERENCES `cargo` (`id`) ON DELETE NO ACTION ON UPDATE NO ACTION;

/*!40101 SET CHARACTER_SET_CLIENT=@OLD_CHARACTER_SET_CLIENT */;
/*!40101 SET CHARACTER_SET_RESULTS=@OLD_CHARACTER_SET_RESULTS */;
/*!40101 SET COLLATION_CONNECTION=@OLD_COLLATION_CONNECTION */;
